Mon Sep 14 02:17:25 PM UTC 2026
14391 MiB, 16311 MiB
Mon Sep 14 11:17:25 2026       
+-----------------------------------------------------------------------------------------+
| NVIDIA-SMI 610.57.04              KMD Version: 610.57.04     CUDA UMD Version: 13.3     |
+-----------------------------------------+------------------------+----------------------+
| GPU  Name                 Persistence-M | Bus-Id          Disp.A | Volatile Uncorr. ECC |
| Fan  Temp   Perf          Pwr:Usage/Cap |           Memory-Usage | GPU-Util  Compute M. |
|                                         |                        |               MIG M. |
|=========================================+========================+======================|
|   0  NVIDIA GeForce RTX 5060 Ti     Off |   00000000:01:00.0  On |                  N/A |
| 57%   60C    P1            180W /  180W |   14391MiB /  16311MiB |     98%      Default |
|                                         |                        |                  N/A |
+-----------------------------------------+------------------------+----------------------+

+-----------------------------------------------------------------------------------------+
| Processes:                                                                              |
|  GPU   GI   CI              PID   Type   Process name                        GPU Memory |
|        ID   ID                                                               Usage      |
|=========================================================================================|
|    0   N/A  N/A            1287      G   Hyprland                                206MiB |
|    0   N/A  N/A            1347      G   quickshell                               74MiB |
|    0   N/A  N/A            1374      G   Xwayland                                  2MiB |
|    0   N/A  N/A            2226    C+G   ...rack-uuid=3190708988185955192          7MiB |
|    0   N/A  N/A            3150    C+G   ...rack-uuid=3190708988185955192         68MiB |
|    0   N/A  N/A          362956      G   kitty                                    37MiB |
|    0   N/A  N/A          405792      G   kitty                                    35MiB |
|    0   N/A  N/A          406752      G   kitty                                    67MiB |
|    0   N/A  N/A          423941      C   llama-server                          13518MiB |
|    0   N/A  N/A          424886      G   kitty                                    89MiB |
+-----------------------------------------------------------------------------------------+
---
Mon Sep 14 02:18:25 PM UTC 2026
14391 MiB, 16311 MiB
Mon Sep 14 11:18:25 2026       
+-----------------------------------------------------------------------------------------+
| NVIDIA-SMI 610.57.04              KMD Version: 610.57.04     CUDA UMD Version: 13.3     |
+-----------------------------------------+------------------------+----------------------+
| GPU  Name                 Persistence-M | Bus-Id          Disp.A | Volatile Uncorr. ECC |
| Fan  Temp   Perf          Pwr:Usage/Cap |           Memory-Usage | GPU-Util  Compute M. |
|                                         |                        |               MIG M. |
|=========================================+========================+======================|
|   0  NVIDIA GeForce RTX 5060 Ti     Off |   00000000:01:00.0  On |                  N/A |
| 56%   60C    P1            179W /  180W |   14391MiB /  16311MiB |     98%      Default |
|                                         |                        |                  N/A |
+-----------------------------------------+------------------------+----------------------+

+-----------------------------------------------------------------------------------------+
| Processes:                                                                              |
|  GPU   GI   CI              PID   Type   Process name                        GPU Memory |
|        ID   ID                                                               Usage      |
|=========================================================================================|
|    0   N/A  N/A            1287      G   Hyprland                                206MiB |
|    0   N/A  N/A            1347      G   quickshell                               74MiB |
|    0   N/A  N/A            1374      G   Xwayland                                  2MiB |
|    0   N/A  N/A            2226    C+G   ...rack-uuid=3190708988185955192          7MiB |
|    0   N/A  N/A            3150    C+G   ...rack-uuid=3190708988185955192         68MiB |
|    0   N/A  N/A          362956      G   kitty                                    37MiB |
|    0   N/A  N/A          405792      G   kitty                                    35MiB |
|    0   N/A  N/A          406752      G   kitty                                    67MiB |
|    0   N/A  N/A          423941      C   llama-server                          13518MiB |
|    0   N/A  N/A          424886      G   kitty                                    89MiB |
+-----------------------------------------------------------------------------------------+
---
Mon Sep 14 02:19:25 PM UTC 2026
14391 MiB, 16311 MiB
Mon Sep 14 11:19:25 2026       
+-----------------------------------------------------------------------------------------+
| NVIDIA-SMI 610.57.04              KMD Version: 610.57.04     CUDA UMD Version: 13.3     |
+-----------------------------------------+------------------------+----------------------+
| GPU  Name                 Persistence-M | Bus-Id          Disp.A | Volatile Uncorr. ECC |
| Fan  Temp   Perf          Pwr:Usage/Cap |           Memory-Usage | GPU-Util  Compute M. |
|                                         |                        |               MIG M. |
|=========================================+========================+======================|
|   0  NVIDIA GeForce RTX 5060 Ti     Off |   00000000:01:00.0  On |                  N/A |
| 56%   60C    P1            179W /  180W |   14391MiB /  16311MiB |     98%      Default |
|                                         |                        |                  N/A |
+-----------------------------------------+------------------------+----------------------+

+-----------------------------------------------------------------------------------------+
| Processes:                                                                              |
|  GPU   GI   CI              PID   Type   Process name                        GPU Memory |
|        ID   ID                                                               Usage      |
|=========================================================================================|
|    0   N/A  N/A            1287      G   Hyprland                                206MiB |
|    0   N/A  N/A            1347      G   quickshell                               74MiB |
|    0   N/A  N/A            1374      G   Xwayland                                  2MiB |
|    0   N/A  N/A            2226    C+G   ...rack-uuid=3190708988185955192          7MiB |
|    0   N/A  N/A            3150    C+G   ...rack-uuid=3190708988185955192         68MiB |
|    0   N/A  N/A          362956      G   kitty                                    37MiB |
|    0   N/A  N/A          405792      G   kitty                                    35MiB |
|    0   N/A  N/A          406752      G   kitty                                    67MiB |
|    0   N/A  N/A          423941      C   llama-server                          13518MiB |
|    0   N/A  N/A          424886      G   kitty                                    89MiB |
+-----------------------------------------------------------------------------------------+
---
Mon Sep 14 02:20:25 PM UTC 2026
14375 MiB, 16311 MiB
Mon Sep 14 11:20:25 2026       
+-----------------------------------------------------------------------------------------+
| NVIDIA-SMI 610.57.04              KMD Version: 610.57.04     CUDA UMD Version: 13.3     |
+-----------------------------------------+------------------------+----------------------+
| GPU  Name                 Persistence-M | Bus-Id          Disp.A | Volatile Uncorr. ECC |
| Fan  Temp   Perf          Pwr:Usage/Cap |           Memory-Usage | GPU-Util  Compute M. |
|                                         |                        |               MIG M. |
|=========================================+========================+======================|
|   0  NVIDIA GeForce RTX 5060 Ti     Off |   00000000:01:00.0  On |                  N/A |
| 55%   60C    P1            179W /  180W |   14375MiB /  16311MiB |     98%      Default |
|                                         |                        |                  N/A |
+-----------------------------------------+------------------------+----------------------+

+-----------------------------------------------------------------------------------------+
| Processes:                                                                              |
|  GPU   GI   CI              PID   Type   Process name                        GPU Memory |
|        ID   ID                                                               Usage      |
|=========================================================================================|
|    0   N/A  N/A            1287      G   Hyprland                                206MiB |
|    0   N/A  N/A            1347      G   quickshell                               74MiB |
|    0   N/A  N/A            1374      G   Xwayland                                  2MiB |
|    0   N/A  N/A            2226    C+G   ...rack-uuid=3190708988185955192          7MiB |
|    0   N/A  N/A            3150    C+G   ...rack-uuid=3190708988185955192         68MiB |
|    0   N/A  N/A          362956      G   kitty                                    21MiB |
|    0   N/A  N/A          405792      G   kitty                                    35MiB |
|    0   N/A  N/A          406752      G   kitty                                    67MiB |
|    0   N/A  N/A          423941      C   llama-server                          13518MiB |
|    0   N/A  N/A          424886      G   kitty                                    89MiB |
+-----------------------------------------------------------------------------------------+
---
Mon Sep 14 02:21:25 PM UTC 2026
14389 MiB, 16311 MiB
Mon Sep 14 11:21:25 2026       
+-----------------------------------------------------------------------------------------+
| NVIDIA-SMI 610.57.04              KMD Version: 610.57.04     CUDA UMD Version: 13.3     |
+-----------------------------------------+------------------------+----------------------+
| GPU  Name                 Persistence-M | Bus-Id          Disp.A | Volatile Uncorr. ECC |
| Fan  Temp   Perf          Pwr:Usage/Cap |           Memory-Usage | GPU-Util  Compute M. |
|                                         |                        |               MIG M. |
|=========================================+========================+======================|
|   0  NVIDIA GeForce RTX 5060 Ti     Off |   00000000:01:00.0  On |                  N/A |
| 55%   60C    P1            178W /  180W |   14389MiB /  16311MiB |     99%      Default |
|                                         |                        |                  N/A |
+-----------------------------------------+------------------------+----------------------+

+-----------------------------------------------------------------------------------------+
| Processes:                                                                              |
|  GPU   GI   CI              PID   Type   Process name                        GPU Memory |
|        ID   ID                                                               Usage      |
|=========================================================================================|
|    0   N/A  N/A            1287      G   Hyprland                                206MiB |
|    0   N/A  N/A            1347      G   quickshell                               74MiB |
|    0   N/A  N/A            1374      G   Xwayland                                  2MiB |
|    0   N/A  N/A            2226    C+G   ...rack-uuid=3190708988185955192          7MiB |
|    0   N/A  N/A            3150    C+G   ...rack-uuid=3190708988185955192        104MiB |
|    0   N/A  N/A          362956      G   kitty                                    21MiB |
|    0   N/A  N/A          405792      G   kitty                                    35MiB |
|    0   N/A  N/A          406752      G   kitty                                    51MiB |
|    0   N/A  N/A          423941      C   llama-server                          13518MiB |
|    0   N/A  N/A          424886      G   kitty                                    83MiB |
+-----------------------------------------------------------------------------------------+
---
Mon Sep 14 02:22:25 PM UTC 2026
14397 MiB, 16311 MiB
Mon Sep 14 11:22:25 2026       
+-----------------------------------------------------------------------------------------+
| NVIDIA-SMI 610.57.04              KMD Version: 610.57.04     CUDA UMD Version: 13.3     |
+-----------------------------------------+------------------------+----------------------+
| GPU  Name                 Persistence-M | Bus-Id          Disp.A | Volatile Uncorr. ECC |
| Fan  Temp   Perf          Pwr:Usage/Cap |           Memory-Usage | GPU-Util  Compute M. |
|                                         |                        |               MIG M. |
|=========================================+========================+======================|
|   0  NVIDIA GeForce RTX 5060 Ti     Off |   00000000:01:00.0  On |                  N/A |
| 55%   60C    P1            179W /  180W |   14397MiB /  16311MiB |     98%      Default |
|                                         |                        |                  N/A |
+-----------------------------------------+------------------------+----------------------+

+-----------------------------------------------------------------------------------------+
| Processes:                                                                              |
|  GPU   GI   CI              PID   Type   Process name                        GPU Memory |
|        ID   ID                                                               Usage      |
|=========================================================================================|
|    0   N/A  N/A            1287      G   Hyprland                                207MiB |
|    0   N/A  N/A            1347      G   quickshell                               74MiB |
|    0   N/A  N/A            1374      G   Xwayland                                  2MiB |
|    0   N/A  N/A            2226    C+G   ...rack-uuid=3190708988185955192          7MiB |
|    0   N/A  N/A            3150    C+G   ...rack-uuid=3190708988185955192        112MiB |
|    0   N/A  N/A          362956      G   kitty                                    21MiB |
|    0   N/A  N/A          405792      G   kitty                                    35MiB |
|    0   N/A  N/A          406752      G   kitty                                    51MiB |
|    0   N/A  N/A          423941      C   llama-server                          13518MiB |
|    0   N/A  N/A          424886      G   kitty                                    83MiB |
+-----------------------------------------------------------------------------------------+
---
Mon Sep 14 02:23:25 PM UTC 2026
14370 MiB, 16311 MiB
Mon Sep 14 11:23:25 2026       
+-----------------------------------------------------------------------------------------+
| NVIDIA-SMI 610.57.04              KMD Version: 610.57.04     CUDA UMD Version: 13.3     |
+-----------------------------------------+------------------------+----------------------+
| GPU  Name                 Persistence-M | Bus-Id          Disp.A | Volatile Uncorr. ECC |
| Fan  Temp   Perf          Pwr:Usage/Cap |           Memory-Usage | GPU-Util  Compute M. |
|                                         |                        |               MIG M. |
|=========================================+========================+======================|
|   0  NVIDIA GeForce RTX 5060 Ti     Off |   00000000:01:00.0  On |                  N/A |
| 56%   60C    P1            180W /  180W |   14370MiB /  16311MiB |     98%      Default |
|                                         |                        |                  N/A |
+-----------------------------------------+------------------------+----------------------+

+-----------------------------------------------------------------------------------------+
| Processes:                                                                              |
|  GPU   GI   CI              PID   Type   Process name                        GPU Memory |
|        ID   ID                                                               Usage      |
|=========================================================================================|
|    0   N/A  N/A            1287      G   Hyprland                                206MiB |
|    0   N/A  N/A            1347      G   quickshell                               74MiB |
|    0   N/A  N/A            1374      G   Xwayland                                  2MiB |
|    0   N/A  N/A            2226    C+G   ...rack-uuid=3190708988185955192          7MiB |
|    0   N/A  N/A            3150    C+G   ...rack-uuid=3190708988185955192         80MiB |
|    0   N/A  N/A          362956      G   kitty                                    21MiB |
|    0   N/A  N/A          405792      G   kitty                                    35MiB |
|    0   N/A  N/A          406752      G   kitty                                    51MiB |
|    0   N/A  N/A          423941      C   llama-server                          13518MiB |
|    0   N/A  N/A          424886      G   kitty                                    83MiB |
+-----------------------------------------------------------------------------------------+
---
Mon Sep 14 02:24:25 PM UTC 2026
14411 MiB, 16311 MiB
Mon Sep 14 11:24:25 2026       
+-----------------------------------------------------------------------------------------+
| NVIDIA-SMI 610.57.04              KMD Version: 610.57.04     CUDA UMD Version: 13.3     |
+-----------------------------------------+------------------------+----------------------+
| GPU  Name                 Persistence-M | Bus-Id          Disp.A | Volatile Uncorr. ECC |
| Fan  Temp   Perf          Pwr:Usage/Cap |           Memory-Usage | GPU-Util  Compute M. |
|                                         |                        |               MIG M. |
|=========================================+========================+======================|
|   0  NVIDIA GeForce RTX 5060 Ti     Off |   00000000:01:00.0  On |                  N/A |
| 56%   59C    P1            179W /  180W |   14411MiB /  16311MiB |     98%      Default |
|                                         |                        |                  N/A |
+-----------------------------------------+------------------------+----------------------+

+-----------------------------------------------------------------------------------------+
| Processes:                                                                              |
|  GPU   GI   CI              PID   Type   Process name                        GPU Memory |
|        ID   ID                                                               Usage      |
|=========================================================================================|
|    0   N/A  N/A            1287      G   Hyprland                                184MiB |
|    0   N/A  N/A            1347      G   quickshell                               74MiB |
|    0   N/A  N/A            1374      G   Xwayland                                  2MiB |
|    0   N/A  N/A            2226    C+G   ...rack-uuid=3190708988185955192          7MiB |
|    0   N/A  N/A            3150    C+G   ...rack-uuid=3190708988185955192        148MiB |
|    0   N/A  N/A          362956      G   kitty                                    21MiB |
|    0   N/A  N/A          405792      G   kitty                                    35MiB |
|    0   N/A  N/A          406752      G   kitty                                    51MiB |
|    0   N/A  N/A          423941      C   llama-server                          13518MiB |
|    0   N/A  N/A          424886      G   kitty                                    83MiB |
+-----------------------------------------------------------------------------------------+
---
Mon Sep 14 02:25:25 PM UTC 2026
14411 MiB, 16311 MiB
Mon Sep 14 11:25:25 2026       
+-----------------------------------------------------------------------------------------+
| NVIDIA-SMI 610.57.04              KMD Version: 610.57.04     CUDA UMD Version: 13.3     |
+-----------------------------------------+------------------------+----------------------+
| GPU  Name                 Persistence-M | Bus-Id          Disp.A | Volatile Uncorr. ECC |
| Fan  Temp   Perf          Pwr:Usage/Cap |           Memory-Usage | GPU-Util  Compute M. |
|                                         |                        |               MIG M. |
|=========================================+========================+======================|
|   0  NVIDIA GeForce RTX 5060 Ti     Off |   00000000:01:00.0  On |                  N/A |
| 56%   59C    P1            179W /  180W |   14411MiB /  16311MiB |     98%      Default |
|                                         |                        |                  N/A |
+-----------------------------------------+------------------------+----------------------+

+-----------------------------------------------------------------------------------------+
| Processes:                                                                              |
|  GPU   GI   CI              PID   Type   Process name                        GPU Memory |
|        ID   ID                                                               Usage      |
|=========================================================================================|
|    0   N/A  N/A            1287      G   Hyprland                                206MiB |
|    0   N/A  N/A            1347      G   quickshell                               74MiB |
|    0   N/A  N/A            1374      G   Xwayland                                  2MiB |
|    0   N/A  N/A            2226    C+G   ...rack-uuid=3190708988185955192          7MiB |
|    0   N/A  N/A            3150    C+G   ...rack-uuid=3190708988185955192        121MiB |
|    0   N/A  N/A          362956      G   kitty                                    21MiB |
|    0   N/A  N/A          405792      G   kitty                                    35MiB |
|    0   N/A  N/A          406752      G   kitty                                    51MiB |
|    0   N/A  N/A          423941      C   llama-server                          13518MiB |
|    0   N/A  N/A          424886      G   kitty                                    83MiB |
+-----------------------------------------------------------------------------------------+
---
Mon Sep 14 02:26:25 PM UTC 2026
14398 MiB, 16311 MiB
Mon Sep 14 11:26:25 2026       
+-----------------------------------------------------------------------------------------+
| NVIDIA-SMI 610.57.04              KMD Version: 610.57.04     CUDA UMD Version: 13.3     |
+-----------------------------------------+------------------------+----------------------+
| GPU  Name                 Persistence-M | Bus-Id          Disp.A | Volatile Uncorr. ECC |
| Fan  Temp   Perf          Pwr:Usage/Cap |           Memory-Usage | GPU-Util  Compute M. |
|                                         |                        |               MIG M. |
|=========================================+========================+======================|
|   0  NVIDIA GeForce RTX 5060 Ti     Off |   00000000:01:00.0  On |                  N/A |
| 55%   60C    P1            179W /  180W |   14398MiB /  16311MiB |     98%      Default |
|                                         |                        |                  N/A |
+-----------------------------------------+------------------------+----------------------+

+-----------------------------------------------------------------------------------------+
| Processes:                                                                              |
|  GPU   GI   CI              PID   Type   Process name                        GPU Memory |
|        ID   ID                                                               Usage      |
|=========================================================================================|
|    0   N/A  N/A            1287      G   Hyprland                                206MiB |
|    0   N/A  N/A            1347      G   quickshell                               74MiB |
|    0   N/A  N/A            1374      G   Xwayland                                  2MiB |
|    0   N/A  N/A            2226    C+G   ...rack-uuid=3190708988185955192          7MiB |
|    0   N/A  N/A            3150    C+G   ...rack-uuid=3190708988185955192        107MiB |
|    0   N/A  N/A          362956      G   kitty                                    21MiB |
|    0   N/A  N/A          405792      G   kitty                                    35MiB |
|    0   N/A  N/A          406752      G   kitty                                    51MiB |
|    0   N/A  N/A          423941      C   llama-server                          13518MiB |
|    0   N/A  N/A          424886      G   kitty                                    83MiB |
+-----------------------------------------------------------------------------------------+
---
Mon Sep 14 02:27:25 PM UTC 2026
14377 MiB, 16311 MiB
Mon Sep 14 11:27:25 2026       
+-----------------------------------------------------------------------------------------+
| NVIDIA-SMI 610.57.04              KMD Version: 610.57.04     CUDA UMD Version: 13.3     |
+-----------------------------------------+------------------------+----------------------+
| GPU  Name                 Persistence-M | Bus-Id          Disp.A | Volatile Uncorr. ECC |
| Fan  Temp   Perf          Pwr:Usage/Cap |           Memory-Usage | GPU-Util  Compute M. |
|                                         |                        |               MIG M. |
|=========================================+========================+======================|
|   0  NVIDIA GeForce RTX 5060 Ti     Off |   00000000:01:00.0  On |                  N/A |
| 55%   60C    P1            179W /  180W |   14377MiB /  16311MiB |     98%      Default |
|                                         |                        |                  N/A |
+-----------------------------------------+------------------------+----------------------+

+-----------------------------------------------------------------------------------------+
| Processes:                                                                              |
|  GPU   GI   CI              PID   Type   Process name                        GPU Memory |
|        ID   ID                                                               Usage      |
|=========================================================================================|
|    0   N/A  N/A            1287      G   Hyprland                                206MiB |
|    0   N/A  N/A            1347      G   quickshell                               74MiB |
|    0   N/A  N/A            1374      G   Xwayland                                  2MiB |
|    0   N/A  N/A            2226    C+G   ...rack-uuid=3190708988185955192          7MiB |
|    0   N/A  N/A            3150    C+G   ...rack-uuid=3190708988185955192         92MiB |
|    0   N/A  N/A          362956      G   kitty                                    21MiB |
|    0   N/A  N/A          405792      G   kitty                                    35MiB |
|    0   N/A  N/A          406752      G   kitty                                    51MiB |
|    0   N/A  N/A          423941      C   llama-server                          13518MiB |
|    0   N/A  N/A          424886      G   kitty                                    83MiB |
+-----------------------------------------------------------------------------------------+
---
Mon Sep 14 02:28:25 PM UTC 2026
14430 MiB, 16311 MiB
Mon Sep 14 11:28:25 2026       
+-----------------------------------------------------------------------------------------+
| NVIDIA-SMI 610.57.04              KMD Version: 610.57.04     CUDA UMD Version: 13.3     |
+-----------------------------------------+------------------------+----------------------+
| GPU  Name                 Persistence-M | Bus-Id          Disp.A | Volatile Uncorr. ECC |
| Fan  Temp   Perf          Pwr:Usage/Cap |           Memory-Usage | GPU-Util  Compute M. |
|                                         |                        |               MIG M. |
|=========================================+========================+======================|
|   0  NVIDIA GeForce RTX 5060 Ti     Off |   00000000:01:00.0  On |                  N/A |
| 56%   60C    P1            181W /  180W |   14430MiB /  16311MiB |     98%      Default |
|                                         |                        |                  N/A |
+-----------------------------------------+------------------------+----------------------+

+-----------------------------------------------------------------------------------------+
| Processes:                                                                              |
|  GPU   GI   CI              PID   Type   Process name                        GPU Memory |
|        ID   ID                                                               Usage      |
|=========================================================================================|
|    0   N/A  N/A            1287      G   Hyprland                                207MiB |
|    0   N/A  N/A            1347      G   quickshell                               74MiB |
|    0   N/A  N/A            1374      G   Xwayland                                  2MiB |
|    0   N/A  N/A            2226    C+G   ...rack-uuid=3190708988185955192          7MiB |
|    0   N/A  N/A            3150    C+G   ...rack-uuid=3190708988185955192        139MiB |
|    0   N/A  N/A          362956      G   kitty                                    21MiB |
|    0   N/A  N/A          405792      G   kitty                                    35MiB |
|    0   N/A  N/A          406752      G   kitty                                    51MiB |
|    0   N/A  N/A          423941      C   llama-server                          13518MiB |
|    0   N/A  N/A          424886      G   kitty                                    83MiB |
+-----------------------------------------------------------------------------------------+
---
Mon Sep 14 02:29:25 PM UTC 2026
14383 MiB, 16311 MiB
Mon Sep 14 11:29:25 2026       
+-----------------------------------------------------------------------------------------+
| NVIDIA-SMI 610.57.04              KMD Version: 610.57.04     CUDA UMD Version: 13.3     |
+-----------------------------------------+------------------------+----------------------+
| GPU  Name                 Persistence-M | Bus-Id          Disp.A | Volatile Uncorr. ECC |
| Fan  Temp   Perf          Pwr:Usage/Cap |           Memory-Usage | GPU-Util  Compute M. |
|                                         |                        |               MIG M. |
|=========================================+========================+======================|
|   0  NVIDIA GeForce RTX 5060 Ti     Off |   00000000:01:00.0  On |                  N/A |
| 56%   60C    P1            180W /  180W |   14383MiB /  16311MiB |     98%      Default |
|                                         |                        |                  N/A |
+-----------------------------------------+------------------------+----------------------+

+-----------------------------------------------------------------------------------------+
| Processes:                                                                              |
|  GPU   GI   CI              PID   Type   Process name                        GPU Memory |
|        ID   ID                                                               Usage      |
|=========================================================================================|
|    0   N/A  N/A            1287      G   Hyprland                                184MiB |
|    0   N/A  N/A            1347      G   quickshell                               74MiB |
|    0   N/A  N/A            1374      G   Xwayland                                  2MiB |
|    0   N/A  N/A            2226    C+G   ...rack-uuid=3190708988185955192          7MiB |
|    0   N/A  N/A            3150    C+G   ...rack-uuid=3190708988185955192        115MiB |
|    0   N/A  N/A          362956      G   kitty                                    21MiB |
|    0   N/A  N/A          405792      G   kitty                                    35MiB |
|    0   N/A  N/A          406752      G   kitty                                    51MiB |
|    0   N/A  N/A          423941      C   llama-server                          13518MiB |
|    0   N/A  N/A          424886      G   kitty                                    83MiB |
+-----------------------------------------------------------------------------------------+
---
Mon Sep 14 02:30:25 PM UTC 2026
14359 MiB, 16311 MiB
Mon Sep 14 11:30:25 2026       
+-----------------------------------------------------------------------------------------+
| NVIDIA-SMI 610.57.04              KMD Version: 610.57.04     CUDA UMD Version: 13.3     |
+-----------------------------------------+------------------------+----------------------+
| GPU  Name                 Persistence-M | Bus-Id          Disp.A | Volatile Uncorr. ECC |
| Fan  Temp   Perf          Pwr:Usage/Cap |           Memory-Usage | GPU-Util  Compute M. |
|                                         |                        |               MIG M. |
|=========================================+========================+======================|
|   0  NVIDIA GeForce RTX 5060 Ti     Off |   00000000:01:00.0  On |                  N/A |
| 58%   59C    P1            180W /  180W |   14359MiB /  16311MiB |     99%      Default |
|                                         |                        |                  N/A |
+-----------------------------------------+------------------------+----------------------+

+-----------------------------------------------------------------------------------------+
| Processes:                                                                              |
|  GPU   GI   CI              PID   Type   Process name                        GPU Memory |
|        ID   ID                                                               Usage      |
|=========================================================================================|
|    0   N/A  N/A            1287      G   Hyprland                                184MiB |
|    0   N/A  N/A            1347      G   quickshell                               74MiB |
|    0   N/A  N/A            1374      G   Xwayland                                  2MiB |
|    0   N/A  N/A            2226    C+G   ...rack-uuid=3190708988185955192          7MiB |
|    0   N/A  N/A            3150    C+G   ...rack-uuid=3190708988185955192        122MiB |
|    0   N/A  N/A          362956      G   kitty                                    21MiB |
|    0   N/A  N/A          405792      G   kitty                                    19MiB |
|    0   N/A  N/A          406752      G   kitty                                    35MiB |
|    0   N/A  N/A          423941      C   llama-server                          13518MiB |
|    0   N/A  N/A          424886      G   kitty                                    83MiB |
+-----------------------------------------------------------------------------------------+
---
Mon Sep 14 02:31:25 PM UTC 2026
14361 MiB, 16311 MiB
Mon Sep 14 11:31:25 2026       
+-----------------------------------------------------------------------------------------+
| NVIDIA-SMI 610.57.04              KMD Version: 610.57.04     CUDA UMD Version: 13.3     |
+-----------------------------------------+------------------------+----------------------+
| GPU  Name                 Persistence-M | Bus-Id          Disp.A | Volatile Uncorr. ECC |
| Fan  Temp   Perf          Pwr:Usage/Cap |           Memory-Usage | GPU-Util  Compute M. |
|                                         |                        |               MIG M. |
|=========================================+========================+======================|
|   0  NVIDIA GeForce RTX 5060 Ti     Off |   00000000:01:00.0  On |                  N/A |
| 57%   59C    P1            180W /  180W |   14361MiB /  16311MiB |     99%      Default |
|                                         |                        |                  N/A |
+-----------------------------------------+------------------------+----------------------+

+-----------------------------------------------------------------------------------------+
| Processes:                                                                              |
|  GPU   GI   CI              PID   Type   Process name                        GPU Memory |
|        ID   ID                                                               Usage      |
|=========================================================================================|
|    0   N/A  N/A            1287      G   Hyprland                                184MiB |
|    0   N/A  N/A            1347      G   quickshell                               74MiB |
|    0   N/A  N/A            1374      G   Xwayland                                  2MiB |
|    0   N/A  N/A            2226    C+G   ...rack-uuid=3190708988185955192          7MiB |
|    0   N/A  N/A            3150    C+G   ...rack-uuid=3190708988185955192        122MiB |
|    0   N/A  N/A          362956      G   kitty                                    21MiB |
|    0   N/A  N/A          405792      G   kitty                                    19MiB |
|    0   N/A  N/A          406752      G   kitty                                    35MiB |
|    0   N/A  N/A          423941      C   llama-server                          13520MiB |
|    0   N/A  N/A          424886      G   kitty                                    83MiB |
+-----------------------------------------------------------------------------------------+
---
Mon Sep 14 02:32:25 PM UTC 2026
14390 MiB, 16311 MiB
Mon Sep 14 11:32:25 2026       
+-----------------------------------------------------------------------------------------+
| NVIDIA-SMI 610.57.04              KMD Version: 610.57.04     CUDA UMD Version: 13.3     |
+-----------------------------------------+------------------------+----------------------+
| GPU  Name                 Persistence-M | Bus-Id          Disp.A | Volatile Uncorr. ECC |
| Fan  Temp   Perf          Pwr:Usage/Cap |           Memory-Usage | GPU-Util  Compute M. |
|                                         |                        |               MIG M. |
|=========================================+========================+======================|
|   0  NVIDIA GeForce RTX 5060 Ti     Off |   00000000:01:00.0  On |                  N/A |
| 56%   60C    P1            179W /  180W |   14390MiB /  16311MiB |     99%      Default |
|                                         |                        |                  N/A |
+-----------------------------------------+------------------------+----------------------+

+-----------------------------------------------------------------------------------------+
| Processes:                                                                              |
|  GPU   GI   CI              PID   Type   Process name                        GPU Memory |
|        ID   ID                                                               Usage      |
|=========================================================================================|
|    0   N/A  N/A            1287      G   Hyprland                                206MiB |
|    0   N/A  N/A            1347      G   quickshell                               74MiB |
|    0   N/A  N/A            1374      G   Xwayland                                  2MiB |
|    0   N/A  N/A            2226    C+G   ...rack-uuid=3190708988185955192          7MiB |
|    0   N/A  N/A            3150    C+G   ...rack-uuid=3190708988185955192        127MiB |
|    0   N/A  N/A          362956      G   kitty                                    21MiB |
|    0   N/A  N/A          405792      G   kitty                                    19MiB |
|    0   N/A  N/A          406752      G   kitty                                    35MiB |
|    0   N/A  N/A          423941      C   llama-server                          13522MiB |
|    0   N/A  N/A          424886      G   kitty                                    83MiB |
+-----------------------------------------------------------------------------------------+
---
Mon Sep 14 02:33:25 PM UTC 2026
14390 MiB, 16311 MiB
Mon Sep 14 11:33:25 2026       
+-----------------------------------------------------------------------------------------+
| NVIDIA-SMI 610.57.04              KMD Version: 610.57.04     CUDA UMD Version: 13.3     |
+-----------------------------------------+------------------------+----------------------+
| GPU  Name                 Persistence-M | Bus-Id          Disp.A | Volatile Uncorr. ECC |
| Fan  Temp   Perf          Pwr:Usage/Cap |           Memory-Usage | GPU-Util  Compute M. |
|                                         |                        |               MIG M. |
|=========================================+========================+======================|
|   0  NVIDIA GeForce RTX 5060 Ti     Off |   00000000:01:00.0  On |                  N/A |
| 56%   59C    P1            179W /  180W |   14390MiB /  16311MiB |     98%      Default |
|                                         |                        |                  N/A |
+-----------------------------------------+------------------------+----------------------+

+-----------------------------------------------------------------------------------------+
| Processes:                                                                              |
|  GPU   GI   CI              PID   Type   Process name                        GPU Memory |
|        ID   ID                                                               Usage      |
|=========================================================================================|
|    0   N/A  N/A            1287      G   Hyprland                                206MiB |
|    0   N/A  N/A            1347      G   quickshell                               74MiB |
|    0   N/A  N/A            1374      G   Xwayland                                  2MiB |
|    0   N/A  N/A            2226    C+G   ...rack-uuid=3190708988185955192          7MiB |
|    0   N/A  N/A            3150    C+G   ...rack-uuid=3190708988185955192        127MiB |
|    0   N/A  N/A          362956      G   kitty                                    21MiB |
|    0   N/A  N/A          405792      G   kitty                                    19MiB |
|    0   N/A  N/A          406752      G   kitty                                    35MiB |
|    0   N/A  N/A          423941      C   llama-server                          13522MiB |
|    0   N/A  N/A          424886      G   kitty                                    83MiB |
+-----------------------------------------------------------------------------------------+
---
Mon Sep 14 02:34:25 PM UTC 2026
14390 MiB, 16311 MiB
Mon Sep 14 11:34:25 2026       
+-----------------------------------------------------------------------------------------+
| NVIDIA-SMI 610.57.04              KMD Version: 610.57.04     CUDA UMD Version: 13.3     |
+-----------------------------------------+------------------------+----------------------+
| GPU  Name                 Persistence-M | Bus-Id          Disp.A | Volatile Uncorr. ECC |
| Fan  Temp   Perf          Pwr:Usage/Cap |           Memory-Usage | GPU-Util  Compute M. |
|                                         |                        |               MIG M. |
|=========================================+========================+======================|
|   0  NVIDIA GeForce RTX 5060 Ti     Off |   00000000:01:00.0  On |                  N/A |
| 56%   60C    P1            180W /  180W |   14390MiB /  16311MiB |     98%      Default |
|                                         |                        |                  N/A |
+-----------------------------------------+------------------------+----------------------+

+-----------------------------------------------------------------------------------------+
| Processes:                                                                              |
|  GPU   GI   CI              PID   Type   Process name                        GPU Memory |
|        ID   ID                                                               Usage      |
|=========================================================================================|
|    0   N/A  N/A            1287      G   Hyprland                                206MiB |
|    0   N/A  N/A            1347      G   quickshell                               74MiB |
|    0   N/A  N/A            1374      G   Xwayland                                  2MiB |
|    0   N/A  N/A            2226    C+G   ...rack-uuid=3190708988185955192          7MiB |
|    0   N/A  N/A            3150    C+G   ...rack-uuid=3190708988185955192        127MiB |
|    0   N/A  N/A          362956      G   kitty                                    21MiB |
|    0   N/A  N/A          405792      G   kitty                                    19MiB |
|    0   N/A  N/A          406752      G   kitty                                    35MiB |
|    0   N/A  N/A          423941      C   llama-server                          13522MiB |
|    0   N/A  N/A          424886      G   kitty                                    83MiB |
+-----------------------------------------------------------------------------------------+
---
Mon Sep 14 02:35:25 PM UTC 2026
14389 MiB, 16311 MiB
Mon Sep 14 11:35:26 2026       
+-----------------------------------------------------------------------------------------+
| NVIDIA-SMI 610.57.04              KMD Version: 610.57.04     CUDA UMD Version: 13.3     |
+-----------------------------------------+------------------------+----------------------+
| GPU  Name                 Persistence-M | Bus-Id          Disp.A | Volatile Uncorr. ECC |
| Fan  Temp   Perf          Pwr:Usage/Cap |           Memory-Usage | GPU-Util  Compute M. |
|                                         |                        |               MIG M. |
|=========================================+========================+======================|
|   0  NVIDIA GeForce RTX 5060 Ti     Off |   00000000:01:00.0  On |                  N/A |
| 56%   60C    P1            179W /  180W |   14389MiB /  16311MiB |     99%      Default |
|                                         |                        |                  N/A |
+-----------------------------------------+------------------------+----------------------+

+-----------------------------------------------------------------------------------------+
| Processes:                                                                              |
|  GPU   GI   CI              PID   Type   Process name                        GPU Memory |
|        ID   ID                                                               Usage      |
|=========================================================================================|
|    0   N/A  N/A            1287      G   Hyprland                                206MiB |
|    0   N/A  N/A            1347      G   quickshell                               74MiB |
|    0   N/A  N/A            1374      G   Xwayland                                  2MiB |
|    0   N/A  N/A            2226    C+G   ...rack-uuid=3190708988185955192          7MiB |
|    0   N/A  N/A            3150    C+G   ...rack-uuid=3190708988185955192        127MiB |
|    0   N/A  N/A          362956      G   kitty                                    21MiB |
|    0   N/A  N/A          405792      G   kitty                                    19MiB |
|    0   N/A  N/A          406752      G   kitty                                    35MiB |
|    0   N/A  N/A          423941      C   llama-server                          13522MiB |
|    0   N/A  N/A          424886      G   kitty                                    83MiB |
+-----------------------------------------------------------------------------------------+
---
Mon Sep 14 02:36:26 PM UTC 2026
14389 MiB, 16311 MiB
Mon Sep 14 11:36:26 2026       
+-----------------------------------------------------------------------------------------+
| NVIDIA-SMI 610.57.04              KMD Version: 610.57.04     CUDA UMD Version: 13.3     |
+-----------------------------------------+------------------------+----------------------+
| GPU  Name                 Persistence-M | Bus-Id          Disp.A | Volatile Uncorr. ECC |
| Fan  Temp   Perf          Pwr:Usage/Cap |           Memory-Usage | GPU-Util  Compute M. |
|                                         |                        |               MIG M. |
|=========================================+========================+======================|
|   0  NVIDIA GeForce RTX 5060 Ti     Off |   00000000:01:00.0  On |                  N/A |
| 56%   60C    P1            180W /  180W |   14389MiB /  16311MiB |     98%      Default |
|                                         |                        |                  N/A |
+-----------------------------------------+------------------------+----------------------+

+-----------------------------------------------------------------------------------------+
| Processes:                                                                              |
|  GPU   GI   CI              PID   Type   Process name                        GPU Memory |
|        ID   ID                                                               Usage      |
|=========================================================================================|
|    0   N/A  N/A            1287      G   Hyprland                                206MiB |
|    0   N/A  N/A            1347      G   quickshell                               74MiB |
|    0   N/A  N/A            1374      G   Xwayland                                  2MiB |
|    0   N/A  N/A            2226    C+G   ...rack-uuid=3190708988185955192          7MiB |
|    0   N/A  N/A            3150    C+G   ...rack-uuid=3190708988185955192        127MiB |
|    0   N/A  N/A          362956      G   kitty                                    21MiB |
|    0   N/A  N/A          405792      G   kitty                                    19MiB |
|    0   N/A  N/A          406752      G   kitty                                    35MiB |
|    0   N/A  N/A          423941      C   llama-server                          13522MiB |
|    0   N/A  N/A          424886      G   kitty                                    83MiB |
+-----------------------------------------------------------------------------------------+
---
Mon Sep 14 02:37:26 PM UTC 2026
14389 MiB, 16311 MiB
Mon Sep 14 11:37:26 2026       
+-----------------------------------------------------------------------------------------+
| NVIDIA-SMI 610.57.04              KMD Version: 610.57.04     CUDA UMD Version: 13.3     |
+-----------------------------------------+------------------------+----------------------+
| GPU  Name                 Persistence-M | Bus-Id          Disp.A | Volatile Uncorr. ECC |
| Fan  Temp   Perf          Pwr:Usage/Cap |           Memory-Usage | GPU-Util  Compute M. |
|                                         |                        |               MIG M. |
|=========================================+========================+======================|
|   0  NVIDIA GeForce RTX 5060 Ti     Off |   00000000:01:00.0  On |                  N/A |
| 56%   59C    P1            179W /  180W |   14389MiB /  16311MiB |     99%      Default |
|                                         |                        |                  N/A |
+-----------------------------------------+------------------------+----------------------+

+-----------------------------------------------------------------------------------------+
| Processes:                                                                              |
|  GPU   GI   CI              PID   Type   Process name                        GPU Memory |
|        ID   ID                                                               Usage      |
|=========================================================================================|
|    0   N/A  N/A            1287      G   Hyprland                                206MiB |
|    0   N/A  N/A            1347      G   quickshell                               74MiB |
|    0   N/A  N/A            1374      G   Xwayland                                  2MiB |
|    0   N/A  N/A            2226    C+G   ...rack-uuid=3190708988185955192          7MiB |
|    0   N/A  N/A            3150    C+G   ...rack-uuid=3190708988185955192        127MiB |
|    0   N/A  N/A          362956      G   kitty                                    21MiB |
|    0   N/A  N/A          405792      G   kitty                                    19MiB |
|    0   N/A  N/A          406752      G   kitty                                    35MiB |
|    0   N/A  N/A          423941      C   llama-server                          13522MiB |
|    0   N/A  N/A          424886      G   kitty                                    83MiB |
+-----------------------------------------------------------------------------------------+
---
Mon Sep 14 02:38:26 PM UTC 2026
14303 MiB, 16311 MiB
Mon Sep 14 11:38:26 2026       
+-----------------------------------------------------------------------------------------+
| NVIDIA-SMI 610.57.04              KMD Version: 610.57.04     CUDA UMD Version: 13.3     |
+-----------------------------------------+------------------------+----------------------+
| GPU  Name                 Persistence-M | Bus-Id          Disp.A | Volatile Uncorr. ECC |
| Fan  Temp   Perf          Pwr:Usage/Cap |           Memory-Usage | GPU-Util  Compute M. |
|                                         |                        |               MIG M. |
|=========================================+========================+======================|
|   0  NVIDIA GeForce RTX 5060 Ti     Off |   00000000:01:00.0  On |                  N/A |
| 56%   61C    P1            180W /  180W |   14303MiB /  16311MiB |     99%      Default |
|                                         |                        |                  N/A |
+-----------------------------------------+------------------------+----------------------+

+-----------------------------------------------------------------------------------------+
| Processes:                                                                              |
|  GPU   GI   CI              PID   Type   Process name                        GPU Memory |
|        ID   ID                                                               Usage      |
|=========================================================================================|
|    0   N/A  N/A            1287      G   Hyprland                                206MiB |
|    0   N/A  N/A            1347      G   quickshell                               74MiB |
|    0   N/A  N/A            1374      G   Xwayland                                  2MiB |
|    0   N/A  N/A            2226    C+G   ...rack-uuid=3190708988185955192          7MiB |
|    0   N/A  N/A            3150    C+G   ...rack-uuid=3190708988185955192         82MiB |
|    0   N/A  N/A          362956      G   kitty                                    21MiB |
|    0   N/A  N/A          405792      G   kitty                                    19MiB |
|    0   N/A  N/A          406752      G   kitty                                    35MiB |
|    0   N/A  N/A          423941      C   llama-server                          13522MiB |
|    0   N/A  N/A          424886      G   kitty                                    41MiB |
+-----------------------------------------------------------------------------------------+
---
Mon Sep 14 02:39:26 PM UTC 2026
14373 MiB, 16311 MiB
Mon Sep 14 11:39:26 2026       
+-----------------------------------------------------------------------------------------+
| NVIDIA-SMI 610.57.04              KMD Version: 610.57.04     CUDA UMD Version: 13.3     |
+-----------------------------------------+------------------------+----------------------+
| GPU  Name                 Persistence-M | Bus-Id          Disp.A | Volatile Uncorr. ECC |
| Fan  Temp   Perf          Pwr:Usage/Cap |           Memory-Usage | GPU-Util  Compute M. |
|                                         |                        |               MIG M. |
|=========================================+========================+======================|
|   0  NVIDIA GeForce RTX 5060 Ti     Off |   00000000:01:00.0  On |                  N/A |
| 56%   60C    P1            179W /  180W |   14373MiB /  16311MiB |     99%      Default |
|                                         |                        |                  N/A |
+-----------------------------------------+------------------------+----------------------+

+-----------------------------------------------------------------------------------------+
| Processes:                                                                              |
|  GPU   GI   CI              PID   Type   Process name                        GPU Memory |
|        ID   ID                                                               Usage      |
|=========================================================================================|
|    0   N/A  N/A            1287      G   Hyprland                                206MiB |
|    0   N/A  N/A            1347      G   quickshell                              122MiB |
|    0   N/A  N/A            1374      G   Xwayland                                  2MiB |
|    0   N/A  N/A            2226    C+G   ...rack-uuid=3190708988185955192          7MiB |
|    0   N/A  N/A            3150    C+G   ...rack-uuid=3190708988185955192         82MiB |
|    0   N/A  N/A          362956      G   kitty                                    21MiB |
|    0   N/A  N/A          405792      G   kitty                                    19MiB |
|    0   N/A  N/A          406752      G   kitty                                    35MiB |
|    0   N/A  N/A          423941      C   llama-server                          13522MiB |
|    0   N/A  N/A          424886      G   kitty                                    41MiB |
+-----------------------------------------------------------------------------------------+
---
Mon Sep 14 02:40:26 PM UTC 2026
14305 MiB, 16311 MiB
Mon Sep 14 11:40:26 2026       
+-----------------------------------------------------------------------------------------+
| NVIDIA-SMI 610.57.04              KMD Version: 610.57.04     CUDA UMD Version: 13.3     |
+-----------------------------------------+------------------------+----------------------+
| GPU  Name                 Persistence-M | Bus-Id          Disp.A | Volatile Uncorr. ECC |
| Fan  Temp   Perf          Pwr:Usage/Cap |           Memory-Usage | GPU-Util  Compute M. |
|                                         |                        |               MIG M. |
|=========================================+========================+======================|
|   0  NVIDIA GeForce RTX 5060 Ti     Off |   00000000:01:00.0  On |                  N/A |
| 56%   61C    P1            179W /  180W |   14305MiB /  16311MiB |     97%      Default |
|                                         |                        |                  N/A |
+-----------------------------------------+------------------------+----------------------+

+-----------------------------------------------------------------------------------------+
| Processes:                                                                              |
|  GPU   GI   CI              PID   Type   Process name                        GPU Memory |
|        ID   ID                                                               Usage      |
|=========================================================================================|
|    0   N/A  N/A            1287      G   Hyprland                                206MiB |
|    0   N/A  N/A            1347      G   quickshell                               74MiB |
|    0   N/A  N/A            1374      G   Xwayland                                  2MiB |
|    0   N/A  N/A            2226    C+G   ...rack-uuid=3190708988185955192          7MiB |
|    0   N/A  N/A            3150    C+G   ...rack-uuid=3190708988185955192         84MiB |
|    0   N/A  N/A          362956      G   kitty                                    21MiB |
|    0   N/A  N/A          405792      G   kitty                                    19MiB |
|    0   N/A  N/A          406752      G   kitty                                    35MiB |
|    0   N/A  N/A          423941      C   llama-server                          13522MiB |
|    0   N/A  N/A          424886      G   kitty                                    41MiB |
+-----------------------------------------------------------------------------------------+
---
Mon Sep 14 02:41:26 PM UTC 2026
14303 MiB, 16311 MiB
Mon Sep 14 11:41:26 2026       
+-----------------------------------------------------------------------------------------+
| NVIDIA-SMI 610.57.04              KMD Version: 610.57.04     CUDA UMD Version: 13.3     |
+-----------------------------------------+------------------------+----------------------+
| GPU  Name                 Persistence-M | Bus-Id          Disp.A | Volatile Uncorr. ECC |
| Fan  Temp   Perf          Pwr:Usage/Cap |           Memory-Usage | GPU-Util  Compute M. |
|                                         |                        |               MIG M. |
|=========================================+========================+======================|
|   0  NVIDIA GeForce RTX 5060 Ti     Off |   00000000:01:00.0  On |                  N/A |
| 56%   60C    P1            179W /  180W |   14303MiB /  16311MiB |     99%      Default |
|                                         |                        |                  N/A |
+-----------------------------------------+------------------------+----------------------+

+-----------------------------------------------------------------------------------------+
| Processes:                                                                              |
|  GPU   GI   CI              PID   Type   Process name                        GPU Memory |
|        ID   ID                                                               Usage      |
|=========================================================================================|
|    0   N/A  N/A            1287      G   Hyprland                                206MiB |
|    0   N/A  N/A            1347      G   quickshell                               74MiB |
|    0   N/A  N/A            1374      G   Xwayland                                  2MiB |
|    0   N/A  N/A            2226    C+G   ...rack-uuid=3190708988185955192          7MiB |
|    0   N/A  N/A            3150    C+G   ...rack-uuid=3190708988185955192         82MiB |
|    0   N/A  N/A          362956      G   kitty                                    21MiB |
|    0   N/A  N/A          405792      G   kitty                                    19MiB |
|    0   N/A  N/A          406752      G   kitty                                    35MiB |
|    0   N/A  N/A          423941      C   llama-server                          13522MiB |
|    0   N/A  N/A          424886      G   kitty                                    41MiB |
+-----------------------------------------------------------------------------------------+
---
Mon Sep 14 02:42:26 PM UTC 2026
14303 MiB, 16311 MiB
Mon Sep 14 11:42:26 2026       
+-----------------------------------------------------------------------------------------+
| NVIDIA-SMI 610.57.04              KMD Version: 610.57.04     CUDA UMD Version: 13.3     |
+-----------------------------------------+------------------------+----------------------+
| GPU  Name                 Persistence-M | Bus-Id          Disp.A | Volatile Uncorr. ECC |
| Fan  Temp   Perf          Pwr:Usage/Cap |           Memory-Usage | GPU-Util  Compute M. |
|                                         |                        |               MIG M. |
|=========================================+========================+======================|
|   0  NVIDIA GeForce RTX 5060 Ti     Off |   00000000:01:00.0  On |                  N/A |
| 56%   60C    P1            179W /  180W |   14303MiB /  16311MiB |     98%      Default |
|                                         |                        |                  N/A |
+-----------------------------------------+------------------------+----------------------+

+-----------------------------------------------------------------------------------------+
| Processes:                                                                              |
|  GPU   GI   CI              PID   Type   Process name                        GPU Memory |
|        ID   ID                                                               Usage      |
|=========================================================================================|
|    0   N/A  N/A            1287      G   Hyprland                                206MiB |
|    0   N/A  N/A            1347      G   quickshell                               74MiB |
|    0   N/A  N/A            1374      G   Xwayland                                  2MiB |
|    0   N/A  N/A            2226    C+G   ...rack-uuid=3190708988185955192          7MiB |
|    0   N/A  N/A            3150    C+G   ...rack-uuid=3190708988185955192         82MiB |
|    0   N/A  N/A          362956      G   kitty                                    21MiB |
|    0   N/A  N/A          405792      G   kitty                                    19MiB |
|    0   N/A  N/A          406752      G   kitty                                    35MiB |
|    0   N/A  N/A          423941      C   llama-server                          13522MiB |
|    0   N/A  N/A          424886      G   kitty                                    41MiB |
+-----------------------------------------------------------------------------------------+
---
Mon Sep 14 02:43:26 PM UTC 2026
14304 MiB, 16311 MiB
Mon Sep 14 11:43:26 2026       
+-----------------------------------------------------------------------------------------+
| NVIDIA-SMI 610.57.04              KMD Version: 610.57.04     CUDA UMD Version: 13.3     |
+-----------------------------------------+------------------------+----------------------+
| GPU  Name                 Persistence-M | Bus-Id          Disp.A | Volatile Uncorr. ECC |
| Fan  Temp   Perf          Pwr:Usage/Cap |           Memory-Usage | GPU-Util  Compute M. |
|                                         |                        |               MIG M. |
|=========================================+========================+======================|
|   0  NVIDIA GeForce RTX 5060 Ti     Off |   00000000:01:00.0  On |                  N/A |
| 56%   60C    P1            180W /  180W |   14304MiB /  16311MiB |     99%      Default |
|                                         |                        |                  N/A |
+-----------------------------------------+------------------------+----------------------+

+-----------------------------------------------------------------------------------------+
| Processes:                                                                              |
|  GPU   GI   CI              PID   Type   Process name                        GPU Memory |
|        ID   ID                                                               Usage      |
|=========================================================================================|
|    0   N/A  N/A            1287      G   Hyprland                                206MiB |
|    0   N/A  N/A            1347      G   quickshell                               74MiB |
|    0   N/A  N/A            1374      G   Xwayland                                  2MiB |
|    0   N/A  N/A            2226    C+G   ...rack-uuid=3190708988185955192          7MiB |
|    0   N/A  N/A            3150    C+G   ...rack-uuid=3190708988185955192         83MiB |
|    0   N/A  N/A          362956      G   kitty                                    21MiB |
|    0   N/A  N/A          405792      G   kitty                                    19MiB |
|    0   N/A  N/A          406752      G   kitty                                    35MiB |
|    0   N/A  N/A          423941      C   llama-server                          13522MiB |
|    0   N/A  N/A          424886      G   kitty                                    41MiB |
+-----------------------------------------------------------------------------------------+
---
Mon Sep 14 02:44:26 PM UTC 2026
14306 MiB, 16311 MiB
Mon Sep 14 11:44:26 2026       
+-----------------------------------------------------------------------------------------+
| NVIDIA-SMI 610.57.04              KMD Version: 610.57.04     CUDA UMD Version: 13.3     |
+-----------------------------------------+------------------------+----------------------+
| GPU  Name                 Persistence-M | Bus-Id          Disp.A | Volatile Uncorr. ECC |
| Fan  Temp   Perf          Pwr:Usage/Cap |           Memory-Usage | GPU-Util  Compute M. |
|                                         |                        |               MIG M. |
|=========================================+========================+======================|
|   0  NVIDIA GeForce RTX 5060 Ti     Off |   00000000:01:00.0  On |                  N/A |
| 46%   60C    P1            182W /  180W |   14306MiB /  16311MiB |     98%      Default |
|                                         |                        |                  N/A |
+-----------------------------------------+------------------------+----------------------+

+-----------------------------------------------------------------------------------------+
| Processes:                                                                              |
|  GPU   GI   CI              PID   Type   Process name                        GPU Memory |
|        ID   ID                                                               Usage      |
|=========================================================================================|
|    0   N/A  N/A            1287      G   Hyprland                                206MiB |
|    0   N/A  N/A            1347      G   quickshell                               74MiB |
|    0   N/A  N/A            1374      G   Xwayland                                  2MiB |
|    0   N/A  N/A            2226    C+G   ...rack-uuid=3190708988185955192          7MiB |
|    0   N/A  N/A            3150    C+G   ...rack-uuid=3190708988185955192         83MiB |
|    0   N/A  N/A          362956      G   kitty                                    21MiB |
|    0   N/A  N/A          405792      G   kitty                                    19MiB |
|    0   N/A  N/A          406752      G   kitty                                    35MiB |
|    0   N/A  N/A          423941      C   llama-server                          13524MiB |
|    0   N/A  N/A          424886      G   kitty                                    41MiB |
+-----------------------------------------------------------------------------------------+
---
Mon Sep 14 02:45:26 PM UTC 2026
14308 MiB, 16311 MiB
Mon Sep 14 11:45:26 2026       
+-----------------------------------------------------------------------------------------+
| NVIDIA-SMI 610.57.04              KMD Version: 610.57.04     CUDA UMD Version: 13.3     |
+-----------------------------------------+------------------------+----------------------+
| GPU  Name                 Persistence-M | Bus-Id          Disp.A | Volatile Uncorr. ECC |
| Fan  Temp   Perf          Pwr:Usage/Cap |           Memory-Usage | GPU-Util  Compute M. |
|                                         |                        |               MIG M. |
|=========================================+========================+======================|
|   0  NVIDIA GeForce RTX 5060 Ti     Off |   00000000:01:00.0  On |                  N/A |
| 60%   59C    P1            180W /  180W |   14308MiB /  16311MiB |     99%      Default |
|                                         |                        |                  N/A |
+-----------------------------------------+------------------------+----------------------+

+-----------------------------------------------------------------------------------------+
| Processes:                                                                              |
|  GPU   GI   CI              PID   Type   Process name                        GPU Memory |
|        ID   ID                                                               Usage      |
|=========================================================================================|
|    0   N/A  N/A            1287      G   Hyprland                                206MiB |
|    0   N/A  N/A            1347      G   quickshell                               74MiB |
|    0   N/A  N/A            1374      G   Xwayland                                  2MiB |
|    0   N/A  N/A            2226    C+G   ...rack-uuid=3190708988185955192          7MiB |
|    0   N/A  N/A            3150    C+G   ...rack-uuid=3190708988185955192         83MiB |
|    0   N/A  N/A          362956      G   kitty                                    21MiB |
|    0   N/A  N/A          405792      G   kitty                                    19MiB |
|    0   N/A  N/A          406752      G   kitty                                    35MiB |
|    0   N/A  N/A          423941      C   llama-server                          13526MiB |
|    0   N/A  N/A          424886      G   kitty                                    41MiB |
+-----------------------------------------------------------------------------------------+
---
Mon Sep 14 02:46:26 PM UTC 2026
14308 MiB, 16311 MiB
Mon Sep 14 11:46:26 2026       
+-----------------------------------------------------------------------------------------+
| NVIDIA-SMI 610.57.04              KMD Version: 610.57.04     CUDA UMD Version: 13.3     |
+-----------------------------------------+------------------------+----------------------+
| GPU  Name                 Persistence-M | Bus-Id          Disp.A | Volatile Uncorr. ECC |
| Fan  Temp   Perf          Pwr:Usage/Cap |           Memory-Usage | GPU-Util  Compute M. |
|                                         |                        |               MIG M. |
|=========================================+========================+======================|
|   0  NVIDIA GeForce RTX 5060 Ti     Off |   00000000:01:00.0  On |                  N/A |
| 58%   59C    P1            179W /  180W |   14308MiB /  16311MiB |     98%      Default |
|                                         |                        |                  N/A |
+-----------------------------------------+------------------------+----------------------+

+-----------------------------------------------------------------------------------------+
| Processes:                                                                              |
|  GPU   GI   CI              PID   Type   Process name                        GPU Memory |
|        ID   ID                                                               Usage      |
|=========================================================================================|
|    0   N/A  N/A            1287      G   Hyprland                                206MiB |
|    0   N/A  N/A            1347      G   quickshell                               74MiB |
|    0   N/A  N/A            1374      G   Xwayland                                  2MiB |
|    0   N/A  N/A            2226    C+G   ...rack-uuid=3190708988185955192          7MiB |
|    0   N/A  N/A            3150    C+G   ...rack-uuid=3190708988185955192         83MiB |
|    0   N/A  N/A          362956      G   kitty                                    21MiB |
|    0   N/A  N/A          405792      G   kitty                                    19MiB |
|    0   N/A  N/A          406752      G   kitty                                    35MiB |
|    0   N/A  N/A          423941      C   llama-server                          13526MiB |
|    0   N/A  N/A          424886      G   kitty                                    41MiB |
+-----------------------------------------------------------------------------------------+
---
Mon Sep 14 02:47:26 PM UTC 2026
14308 MiB, 16311 MiB
Mon Sep 14 11:47:26 2026       
+-----------------------------------------------------------------------------------------+
| NVIDIA-SMI 610.57.04              KMD Version: 610.57.04     CUDA UMD Version: 13.3     |
+-----------------------------------------+------------------------+----------------------+
| GPU  Name                 Persistence-M | Bus-Id          Disp.A | Volatile Uncorr. ECC |
| Fan  Temp   Perf          Pwr:Usage/Cap |           Memory-Usage | GPU-Util  Compute M. |
|                                         |                        |               MIG M. |
|=========================================+========================+======================|
|   0  NVIDIA GeForce RTX 5060 Ti     Off |   00000000:01:00.0  On |                  N/A |
| 57%   60C    P1            179W /  180W |   14308MiB /  16311MiB |     98%      Default |
|                                         |                        |                  N/A |
+-----------------------------------------+------------------------+----------------------+

+-----------------------------------------------------------------------------------------+
| Processes:                                                                              |
|  GPU   GI   CI              PID   Type   Process name                        GPU Memory |
|        ID   ID                                                               Usage      |
|=========================================================================================|
|    0   N/A  N/A            1287      G   Hyprland                                206MiB |
|    0   N/A  N/A            1347      G   quickshell                               74MiB |
|    0   N/A  N/A            1374      G   Xwayland                                  2MiB |
|    0   N/A  N/A            2226    C+G   ...rack-uuid=3190708988185955192          7MiB |
|    0   N/A  N/A            3150    C+G   ...rack-uuid=3190708988185955192         83MiB |
|    0   N/A  N/A          362956      G   kitty                                    21MiB |
|    0   N/A  N/A          405792      G   kitty                                    19MiB |
|    0   N/A  N/A          406752      G   kitty                                    35MiB |
|    0   N/A  N/A          423941      C   llama-server                          13526MiB |
|    0   N/A  N/A          424886      G   kitty                                    41MiB |
+-----------------------------------------------------------------------------------------+
---
Mon Sep 14 02:48:26 PM UTC 2026
14464 MiB, 16311 MiB
Mon Sep 14 11:48:26 2026       
+-----------------------------------------------------------------------------------------+
| NVIDIA-SMI 610.57.04              KMD Version: 610.57.04     CUDA UMD Version: 13.3     |
+-----------------------------------------+------------------------+----------------------+
| GPU  Name                 Persistence-M | Bus-Id          Disp.A | Volatile Uncorr. ECC |
| Fan  Temp   Perf          Pwr:Usage/Cap |           Memory-Usage | GPU-Util  Compute M. |
|                                         |                        |               MIG M. |
|=========================================+========================+======================|
|   0  NVIDIA GeForce RTX 5060 Ti     Off |   00000000:01:00.0  On |                  N/A |
| 56%   60C    P1            177W /  180W |   14464MiB /  16311MiB |     98%      Default |
|                                         |                        |                  N/A |
+-----------------------------------------+------------------------+----------------------+

+-----------------------------------------------------------------------------------------+
| Processes:                                                                              |
|  GPU   GI   CI              PID   Type   Process name                        GPU Memory |
|        ID   ID                                                               Usage      |
|=========================================================================================|
|    0   N/A  N/A            1287      G   Hyprland                                184MiB |
|    0   N/A  N/A            1347      G   quickshell                              177MiB |
|    0   N/A  N/A            1374      G   Xwayland                                  2MiB |
|    0   N/A  N/A            2226    C+G   ...rack-uuid=3190708988185955192          7MiB |
|    0   N/A  N/A            3150    C+G   ...rack-uuid=3190708988185955192        107MiB |
|    0   N/A  N/A          362956      G   kitty                                    21MiB |
|    0   N/A  N/A          405792      G   kitty                                    19MiB |
|    0   N/A  N/A          406752      G   kitty                                    35MiB |
|    0   N/A  N/A          423941      C   llama-server                          13526MiB |
|    0   N/A  N/A          424886      G   kitty                                    41MiB |
+-----------------------------------------------------------------------------------------+
---
Mon Sep 14 02:49:26 PM UTC 2026
14495 MiB, 16311 MiB
Mon Sep 14 11:49:26 2026       
+-----------------------------------------------------------------------------------------+
| NVIDIA-SMI 610.57.04              KMD Version: 610.57.04     CUDA UMD Version: 13.3     |
+-----------------------------------------+------------------------+----------------------+
| GPU  Name                 Persistence-M | Bus-Id          Disp.A | Volatile Uncorr. ECC |
| Fan  Temp   Perf          Pwr:Usage/Cap |           Memory-Usage | GPU-Util  Compute M. |
|                                         |                        |               MIG M. |
|=========================================+========================+======================|
|   0  NVIDIA GeForce RTX 5060 Ti     Off |   00000000:01:00.0  On |                  N/A |
| 55%   60C    P1            179W /  180W |   14495MiB /  16311MiB |     98%      Default |
|                                         |                        |                  N/A |
+-----------------------------------------+------------------------+----------------------+

+-----------------------------------------------------------------------------------------+
| Processes:                                                                              |
|  GPU   GI   CI              PID   Type   Process name                        GPU Memory |
|        ID   ID                                                               Usage      |
|=========================================================================================|
|    0   N/A  N/A            1287      G   Hyprland                                206MiB |
|    0   N/A  N/A            1347      G   quickshell                               74MiB |
|    0   N/A  N/A            1374      G   Xwayland                                  2MiB |
|    0   N/A  N/A            2226    C+G   ...rack-uuid=3190708988185955192          7MiB |
|    0   N/A  N/A            3150    C+G   ...rack-uuid=3190708988185955192        246MiB |
|    0   N/A  N/A          362956      G   kitty                                    21MiB |
|    0   N/A  N/A          405792      G   kitty                                    19MiB |
|    0   N/A  N/A          406752      G   kitty                                    35MiB |
|    0   N/A  N/A          423941      C   llama-server                          13526MiB |
|    0   N/A  N/A          424886      G   kitty                                    41MiB |
+-----------------------------------------------------------------------------------------+
---
Mon Sep 14 02:50:26 PM UTC 2026
14523 MiB, 16311 MiB
Mon Sep 14 11:50:26 2026       
+-----------------------------------------------------------------------------------------+
| NVIDIA-SMI 610.57.04              KMD Version: 610.57.04     CUDA UMD Version: 13.3     |
+-----------------------------------------+------------------------+----------------------+
| GPU  Name                 Persistence-M | Bus-Id          Disp.A | Volatile Uncorr. ECC |
| Fan  Temp   Perf          Pwr:Usage/Cap |           Memory-Usage | GPU-Util  Compute M. |
|                                         |                        |               MIG M. |
|=========================================+========================+======================|
|   0  NVIDIA GeForce RTX 5060 Ti     Off |   00000000:01:00.0  On |                  N/A |
| 55%   60C    P1            180W /  180W |   14523MiB /  16311MiB |     98%      Default |
|                                         |                        |                  N/A |
+-----------------------------------------+------------------------+----------------------+

+-----------------------------------------------------------------------------------------+
| Processes:                                                                              |
|  GPU   GI   CI              PID   Type   Process name                        GPU Memory |
|        ID   ID                                                               Usage      |
|=========================================================================================|
|    0   N/A  N/A            1287      G   Hyprland                                206MiB |
|    0   N/A  N/A            1347      G   quickshell                               74MiB |
|    0   N/A  N/A            1374      G   Xwayland                                  2MiB |
|    0   N/A  N/A            2226    C+G   ...rack-uuid=3190708988185955192          7MiB |
|    0   N/A  N/A            3150    C+G   ...rack-uuid=3190708988185955192        275MiB |
|    0   N/A  N/A          362956      G   kitty                                    21MiB |
|    0   N/A  N/A          405792      G   kitty                                    19MiB |
|    0   N/A  N/A          406752      G   kitty                                    35MiB |
|    0   N/A  N/A          423941      C   llama-server                          13526MiB |
|    0   N/A  N/A          424886      G   kitty                                    41MiB |
+-----------------------------------------------------------------------------------------+
---
Mon Sep 14 02:51:26 PM UTC 2026
14515 MiB, 16311 MiB
Mon Sep 14 11:51:26 2026       
+-----------------------------------------------------------------------------------------+
| NVIDIA-SMI 610.57.04              KMD Version: 610.57.04     CUDA UMD Version: 13.3     |
+-----------------------------------------+------------------------+----------------------+
| GPU  Name                 Persistence-M | Bus-Id          Disp.A | Volatile Uncorr. ECC |
| Fan  Temp   Perf          Pwr:Usage/Cap |           Memory-Usage | GPU-Util  Compute M. |
|                                         |                        |               MIG M. |
|=========================================+========================+======================|
|   0  NVIDIA GeForce RTX 5060 Ti     Off |   00000000:01:00.0  On |                  N/A |
| 56%   60C    P1            179W /  180W |   14515MiB /  16311MiB |     99%      Default |
|                                         |                        |                  N/A |
+-----------------------------------------+------------------------+----------------------+

+-----------------------------------------------------------------------------------------+
| Processes:                                                                              |
|  GPU   GI   CI              PID   Type   Process name                        GPU Memory |
|        ID   ID                                                               Usage      |
|=========================================================================================|
|    0   N/A  N/A            1287      G   Hyprland                                206MiB |
|    0   N/A  N/A            1347      G   quickshell                               74MiB |
|    0   N/A  N/A            1374      G   Xwayland                                  2MiB |
|    0   N/A  N/A            2226    C+G   ...rack-uuid=3190708988185955192          7MiB |
|    0   N/A  N/A            3150    C+G   ...rack-uuid=3190708988185955192        266MiB |
|    0   N/A  N/A          362956      G   kitty                                    21MiB |
|    0   N/A  N/A          405792      G   kitty                                    19MiB |
|    0   N/A  N/A          406752      G   kitty                                    35MiB |
|    0   N/A  N/A          423941      C   llama-server                          13526MiB |
|    0   N/A  N/A          424886      G   kitty                                    41MiB |
+-----------------------------------------------------------------------------------------+
---
Mon Sep 14 02:52:26 PM UTC 2026
14516 MiB, 16311 MiB
Mon Sep 14 11:52:26 2026       
+-----------------------------------------------------------------------------------------+
| NVIDIA-SMI 610.57.04              KMD Version: 610.57.04     CUDA UMD Version: 13.3     |
+-----------------------------------------+------------------------+----------------------+
| GPU  Name                 Persistence-M | Bus-Id          Disp.A | Volatile Uncorr. ECC |
| Fan  Temp   Perf          Pwr:Usage/Cap |           Memory-Usage | GPU-Util  Compute M. |
|                                         |                        |               MIG M. |
|=========================================+========================+======================|
|   0  NVIDIA GeForce RTX 5060 Ti     Off |   00000000:01:00.0  On |                  N/A |
| 56%   60C    P1            179W /  180W |   14516MiB /  16311MiB |     98%      Default |
|                                         |                        |                  N/A |
+-----------------------------------------+------------------------+----------------------+

+-----------------------------------------------------------------------------------------+
| Processes:                                                                              |
|  GPU   GI   CI              PID   Type   Process name                        GPU Memory |
|        ID   ID                                                               Usage      |
|=========================================================================================|
|    0   N/A  N/A            1287      G   Hyprland                                206MiB |
|    0   N/A  N/A            1347      G   quickshell                               74MiB |
|    0   N/A  N/A            1374      G   Xwayland                                  2MiB |
|    0   N/A  N/A            2226    C+G   ...rack-uuid=3190708988185955192          7MiB |
|    0   N/A  N/A            3150    C+G   ...rack-uuid=3190708988185955192        267MiB |
|    0   N/A  N/A          362956      G   kitty                                    21MiB |
|    0   N/A  N/A          405792      G   kitty                                    19MiB |
|    0   N/A  N/A          406752      G   kitty                                    35MiB |
|    0   N/A  N/A          423941      C   llama-server                          13526MiB |
|    0   N/A  N/A          424886      G   kitty                                    41MiB |
+-----------------------------------------------------------------------------------------+
---
Mon Sep 14 02:53:26 PM UTC 2026
14516 MiB, 16311 MiB
Mon Sep 14 11:53:26 2026       
+-----------------------------------------------------------------------------------------+
| NVIDIA-SMI 610.57.04              KMD Version: 610.57.04     CUDA UMD Version: 13.3     |
+-----------------------------------------+------------------------+----------------------+
| GPU  Name                 Persistence-M | Bus-Id          Disp.A | Volatile Uncorr. ECC |
| Fan  Temp   Perf          Pwr:Usage/Cap |           Memory-Usage | GPU-Util  Compute M. |
|                                         |                        |               MIG M. |
|=========================================+========================+======================|
|   0  NVIDIA GeForce RTX 5060 Ti     Off |   00000000:01:00.0  On |                  N/A |
| 55%   60C    P1            179W /  180W |   14516MiB /  16311MiB |     98%      Default |
|                                         |                        |                  N/A |
+-----------------------------------------+------------------------+----------------------+

+-----------------------------------------------------------------------------------------+
| Processes:                                                                              |
|  GPU   GI   CI              PID   Type   Process name                        GPU Memory |
|        ID   ID                                                               Usage      |
|=========================================================================================|
|    0   N/A  N/A            1287      G   Hyprland                                206MiB |
|    0   N/A  N/A            1347      G   quickshell                               74MiB |
|    0   N/A  N/A            1374      G   Xwayland                                  2MiB |
|    0   N/A  N/A            2226    C+G   ...rack-uuid=3190708988185955192          7MiB |
|    0   N/A  N/A            3150    C+G   ...rack-uuid=3190708988185955192        267MiB |
|    0   N/A  N/A          362956      G   kitty                                    21MiB |
|    0   N/A  N/A          405792      G   kitty                                    19MiB |
|    0   N/A  N/A          406752      G   kitty                                    35MiB |
|    0   N/A  N/A          423941      C   llama-server                          13526MiB |
|    0   N/A  N/A          424886      G   kitty                                    41MiB |
+-----------------------------------------------------------------------------------------+
---
Mon Sep 14 02:54:26 PM UTC 2026
14516 MiB, 16311 MiB
Mon Sep 14 11:54:26 2026       
+-----------------------------------------------------------------------------------------+
| NVIDIA-SMI 610.57.04              KMD Version: 610.57.04     CUDA UMD Version: 13.3     |
+-----------------------------------------+------------------------+----------------------+
| GPU  Name                 Persistence-M | Bus-Id          Disp.A | Volatile Uncorr. ECC |
| Fan  Temp   Perf          Pwr:Usage/Cap |           Memory-Usage | GPU-Util  Compute M. |
|                                         |                        |               MIG M. |
|=========================================+========================+======================|
|   0  NVIDIA GeForce RTX 5060 Ti     Off |   00000000:01:00.0  On |                  N/A |
| 56%   60C    P1            179W /  180W |   14516MiB /  16311MiB |     98%      Default |
|                                         |                        |                  N/A |
+-----------------------------------------+------------------------+----------------------+

+-----------------------------------------------------------------------------------------+
| Processes:                                                                              |
|  GPU   GI   CI              PID   Type   Process name                        GPU Memory |
|        ID   ID                                                               Usage      |
|=========================================================================================|
|    0   N/A  N/A            1287      G   Hyprland                                206MiB |
|    0   N/A  N/A            1347      G   quickshell                               74MiB |
|    0   N/A  N/A            1374      G   Xwayland                                  2MiB |
|    0   N/A  N/A            2226    C+G   ...rack-uuid=3190708988185955192          7MiB |
|    0   N/A  N/A            3150    C+G   ...rack-uuid=3190708988185955192        267MiB |
|    0   N/A  N/A          362956      G   kitty                                    21MiB |
|    0   N/A  N/A          405792      G   kitty                                    19MiB |
|    0   N/A  N/A          406752      G   kitty                                    35MiB |
|    0   N/A  N/A          423941      C   llama-server                          13526MiB |
|    0   N/A  N/A          424886      G   kitty                                    41MiB |
+-----------------------------------------------------------------------------------------+
---
Mon Sep 14 02:55:26 PM UTC 2026
14516 MiB, 16311 MiB
Mon Sep 14 11:55:26 2026       
+-----------------------------------------------------------------------------------------+
| NVIDIA-SMI 610.57.04              KMD Version: 610.57.04     CUDA UMD Version: 13.3     |
+-----------------------------------------+------------------------+----------------------+
| GPU  Name                 Persistence-M | Bus-Id          Disp.A | Volatile Uncorr. ECC |
| Fan  Temp   Perf          Pwr:Usage/Cap |           Memory-Usage | GPU-Util  Compute M. |
|                                         |                        |               MIG M. |
|=========================================+========================+======================|
|   0  NVIDIA GeForce RTX 5060 Ti     Off |   00000000:01:00.0  On |                  N/A |
| 56%   60C    P1            180W /  180W |   14516MiB /  16311MiB |     98%      Default |
|                                         |                        |                  N/A |
+-----------------------------------------+------------------------+----------------------+

+-----------------------------------------------------------------------------------------+
| Processes:                                                                              |
|  GPU   GI   CI              PID   Type   Process name                        GPU Memory |
|        ID   ID                                                               Usage      |
|=========================================================================================|
|    0   N/A  N/A            1287      G   Hyprland                                206MiB |
|    0   N/A  N/A            1347      G   quickshell                               74MiB |
|    0   N/A  N/A            1374      G   Xwayland                                  2MiB |
|    0   N/A  N/A            2226    C+G   ...rack-uuid=3190708988185955192          7MiB |
|    0   N/A  N/A            3150    C+G   ...rack-uuid=3190708988185955192        267MiB |
|    0   N/A  N/A          362956      G   kitty                                    21MiB |
|    0   N/A  N/A          405792      G   kitty                                    19MiB |
|    0   N/A  N/A          406752      G   kitty                                    35MiB |
|    0   N/A  N/A          423941      C   llama-server                          13526MiB |
|    0   N/A  N/A          424886      G   kitty                                    41MiB |
+-----------------------------------------------------------------------------------------+
---
Mon Sep 14 02:56:26 PM UTC 2026
14516 MiB, 16311 MiB
Mon Sep 14 11:56:26 2026       
+-----------------------------------------------------------------------------------------+
| NVIDIA-SMI 610.57.04              KMD Version: 610.57.04     CUDA UMD Version: 13.3     |
+-----------------------------------------+------------------------+----------------------+
| GPU  Name                 Persistence-M | Bus-Id          Disp.A | Volatile Uncorr. ECC |
| Fan  Temp   Perf          Pwr:Usage/Cap |           Memory-Usage | GPU-Util  Compute M. |
|                                         |                        |               MIG M. |
|=========================================+========================+======================|
|   0  NVIDIA GeForce RTX 5060 Ti     Off |   00000000:01:00.0  On |                  N/A |
| 56%   60C    P1            180W /  180W |   14518MiB /  16311MiB |     98%      Default |
|                                         |                        |                  N/A |
+-----------------------------------------+------------------------+----------------------+

+-----------------------------------------------------------------------------------------+
| Processes:                                                                              |
|  GPU   GI   CI              PID   Type   Process name                        GPU Memory |
|        ID   ID                                                               Usage      |
|=========================================================================================|
|    0   N/A  N/A            1287      G   Hyprland                                206MiB |
|    0   N/A  N/A            1347      G   quickshell                               74MiB |
|    0   N/A  N/A            1374      G   Xwayland                                  2MiB |
|    0   N/A  N/A            2226    C+G   ...rack-uuid=3190708988185955192          7MiB |
|    0   N/A  N/A            3150    C+G   ...rack-uuid=3190708988185955192        268MiB |
|    0   N/A  N/A          362956      G   kitty                                    21MiB |
|    0   N/A  N/A          405792      G   kitty                                    19MiB |
|    0   N/A  N/A          406752      G   kitty                                    35MiB |
|    0   N/A  N/A          423941      C   llama-server                          13526MiB |
|    0   N/A  N/A          424886      G   kitty                                    41MiB |
+-----------------------------------------------------------------------------------------+
---
Mon Sep 14 02:57:26 PM UTC 2026
14364 MiB, 16311 MiB
Mon Sep 14 11:57:27 2026       
+-----------------------------------------------------------------------------------------+
| NVIDIA-SMI 610.57.04              KMD Version: 610.57.04     CUDA UMD Version: 13.3     |
+-----------------------------------------+------------------------+----------------------+
| GPU  Name                 Persistence-M | Bus-Id          Disp.A | Volatile Uncorr. ECC |
| Fan  Temp   Perf          Pwr:Usage/Cap |           Memory-Usage | GPU-Util  Compute M. |
|                                         |                        |               MIG M. |
|=========================================+========================+======================|
|   0  NVIDIA GeForce RTX 5060 Ti     Off |   00000000:01:00.0  On |                  N/A |
| 49%   61C    P1            179W /  180W |   14364MiB /  16311MiB |     99%      Default |
|                                         |                        |                  N/A |
+-----------------------------------------+------------------------+----------------------+

+-----------------------------------------------------------------------------------------+
| Processes:                                                                              |
|  GPU   GI   CI              PID   Type   Process name                        GPU Memory |
|        ID   ID                                                               Usage      |
|=========================================================================================|
|    0   N/A  N/A            1287      G   Hyprland                                207MiB |
|    0   N/A  N/A            1347      G   quickshell                               74MiB |
|    0   N/A  N/A            1374      G   Xwayland                                  2MiB |
|    0   N/A  N/A            2226    C+G   ...rack-uuid=3190708988185955192          7MiB |
|    0   N/A  N/A            3150    C+G   ...rack-uuid=3190708988185955192        115MiB |
|    0   N/A  N/A          362956      G   kitty                                    21MiB |
|    0   N/A  N/A          405792      G   kitty                                    19MiB |
|    0   N/A  N/A          406752      G   kitty                                    35MiB |
|    0   N/A  N/A          423941      C   llama-server                          13526MiB |
|    0   N/A  N/A          424886      G   kitty                                    41MiB |
+-----------------------------------------------------------------------------------------+
---
Mon Sep 14 02:58:27 PM UTC 2026
14364 MiB, 16311 MiB
Mon Sep 14 11:58:27 2026       
+-----------------------------------------------------------------------------------------+
| NVIDIA-SMI 610.57.04              KMD Version: 610.57.04     CUDA UMD Version: 13.3     |
+-----------------------------------------+------------------------+----------------------+
| GPU  Name                 Persistence-M | Bus-Id          Disp.A | Volatile Uncorr. ECC |
| Fan  Temp   Perf          Pwr:Usage/Cap |           Memory-Usage | GPU-Util  Compute M. |
|                                         |                        |               MIG M. |
|=========================================+========================+======================|
|   0  NVIDIA GeForce RTX 5060 Ti     Off |   00000000:01:00.0  On |                  N/A |
| 54%   61C    P1            180W /  180W |   14364MiB /  16311MiB |     99%      Default |
|                                         |                        |                  N/A |
+-----------------------------------------+------------------------+----------------------+

+-----------------------------------------------------------------------------------------+
| Processes:                                                                              |
|  GPU   GI   CI              PID   Type   Process name                        GPU Memory |
|        ID   ID                                                               Usage      |
|=========================================================================================|
|    0   N/A  N/A            1287      G   Hyprland                                207MiB |
|    0   N/A  N/A            1347      G   quickshell                               74MiB |
|    0   N/A  N/A            1374      G   Xwayland                                  2MiB |
|    0   N/A  N/A            2226    C+G   ...rack-uuid=3190708988185955192          7MiB |
|    0   N/A  N/A            3150    C+G   ...rack-uuid=3190708988185955192        115MiB |
|    0   N/A  N/A          362956      G   kitty                                    21MiB |
|    0   N/A  N/A          405792      G   kitty                                    19MiB |
|    0   N/A  N/A          406752      G   kitty                                    35MiB |
|    0   N/A  N/A          423941      C   llama-server                          13526MiB |
|    0   N/A  N/A          424886      G   kitty                                    41MiB |
+-----------------------------------------------------------------------------------------+
---
Mon Sep 14 02:59:27 PM UTC 2026
14369 MiB, 16311 MiB
Mon Sep 14 11:59:27 2026       
+-----------------------------------------------------------------------------------------+
| NVIDIA-SMI 610.57.04              KMD Version: 610.57.04     CUDA UMD Version: 13.3     |
+-----------------------------------------+------------------------+----------------------+
| GPU  Name                 Persistence-M | Bus-Id          Disp.A | Volatile Uncorr. ECC |
| Fan  Temp   Perf          Pwr:Usage/Cap |           Memory-Usage | GPU-Util  Compute M. |
|                                         |                        |               MIG M. |
|=========================================+========================+======================|
|   0  NVIDIA GeForce RTX 5060 Ti     Off |   00000000:01:00.0  On |                  N/A |
| 56%   61C    P1            180W /  180W |   14369MiB /  16311MiB |     98%      Default |
|                                         |                        |                  N/A |
+-----------------------------------------+------------------------+----------------------+

+-----------------------------------------------------------------------------------------+
| Processes:                                                                              |
|  GPU   GI   CI              PID   Type   Process name                        GPU Memory |
|        ID   ID                                                               Usage      |
|=========================================================================================|
|    0   N/A  N/A            1287      G   Hyprland                                206MiB |
|    0   N/A  N/A            1347      G   quickshell                               74MiB |
|    0   N/A  N/A            1374      G   Xwayland                                  2MiB |
|    0   N/A  N/A            2226    C+G   ...rack-uuid=3190708988185955192          7MiB |
|    0   N/A  N/A            3150    C+G   ...rack-uuid=3190708988185955192        120MiB |
|    0   N/A  N/A          362956      G   kitty                                    21MiB |
|    0   N/A  N/A          405792      G   kitty                                    19MiB |
|    0   N/A  N/A          406752      G   kitty                                    35MiB |
|    0   N/A  N/A          423941      C   llama-server                          13526MiB |
|    0   N/A  N/A          424886      G   kitty                                    41MiB |
+-----------------------------------------------------------------------------------------+
---
Mon Sep 14 03:00:27 PM UTC 2026
14369 MiB, 16311 MiB
Mon Sep 14 12:00:27 2026       
+-----------------------------------------------------------------------------------------+
| NVIDIA-SMI 610.57.04              KMD Version: 610.57.04     CUDA UMD Version: 13.3     |
+-----------------------------------------+------------------------+----------------------+
| GPU  Name                 Persistence-M | Bus-Id          Disp.A | Volatile Uncorr. ECC |
| Fan  Temp   Perf          Pwr:Usage/Cap |           Memory-Usage | GPU-Util  Compute M. |
|                                         |                        |               MIG M. |
|=========================================+========================+======================|
|   0  NVIDIA GeForce RTX 5060 Ti     Off |   00000000:01:00.0  On |                  N/A |
| 56%   60C    P1            179W /  180W |   14369MiB /  16311MiB |     98%      Default |
|                                         |                        |                  N/A |
+-----------------------------------------+------------------------+----------------------+

+-----------------------------------------------------------------------------------------+
| Processes:                                                                              |
|  GPU   GI   CI              PID   Type   Process name                        GPU Memory |
|        ID   ID                                                               Usage      |
|=========================================================================================|
|    0   N/A  N/A            1287      G   Hyprland                                206MiB |
|    0   N/A  N/A            1347      G   quickshell                               74MiB |
|    0   N/A  N/A            1374      G   Xwayland                                  2MiB |
|    0   N/A  N/A            2226    C+G   ...rack-uuid=3190708988185955192          7MiB |
|    0   N/A  N/A            3150    C+G   ...rack-uuid=3190708988185955192        120MiB |
|    0   N/A  N/A          362956      G   kitty                                    21MiB |
|    0   N/A  N/A          405792      G   kitty                                    19MiB |
|    0   N/A  N/A          406752      G   kitty                                    35MiB |
|    0   N/A  N/A          423941      C   llama-server                          13526MiB |
|    0   N/A  N/A          424886      G   kitty                                    41MiB |
+-----------------------------------------------------------------------------------------+
---
Mon Sep 14 03:01:27 PM UTC 2026
14369 MiB, 16311 MiB
Mon Sep 14 12:01:27 2026       
+-----------------------------------------------------------------------------------------+
| NVIDIA-SMI 610.57.04              KMD Version: 610.57.04     CUDA UMD Version: 13.3     |
+-----------------------------------------+------------------------+----------------------+
| GPU  Name                 Persistence-M | Bus-Id          Disp.A | Volatile Uncorr. ECC |
| Fan  Temp   Perf          Pwr:Usage/Cap |           Memory-Usage | GPU-Util  Compute M. |
|                                         |                        |               MIG M. |
|=========================================+========================+======================|
|   0  NVIDIA GeForce RTX 5060 Ti     Off |   00000000:01:00.0  On |                  N/A |
| 56%   60C    P1            179W /  180W |   14369MiB /  16311MiB |     98%      Default |
|                                         |                        |                  N/A |
+-----------------------------------------+------------------------+----------------------+

+-----------------------------------------------------------------------------------------+
| Processes:                                                                              |
|  GPU   GI   CI              PID   Type   Process name                        GPU Memory |
|        ID   ID                                                               Usage      |
|=========================================================================================|
|    0   N/A  N/A            1287      G   Hyprland                                206MiB |
|    0   N/A  N/A            1347      G   quickshell                               74MiB |
|    0   N/A  N/A            1374      G   Xwayland                                  2MiB |
|    0   N/A  N/A            2226    C+G   ...rack-uuid=3190708988185955192          7MiB |
|    0   N/A  N/A            3150    C+G   ...rack-uuid=3190708988185955192        120MiB |
|    0   N/A  N/A          362956      G   kitty                                    21MiB |
|    0   N/A  N/A          405792      G   kitty                                    19MiB |
|    0   N/A  N/A          406752      G   kitty                                    35MiB |
|    0   N/A  N/A          423941      C   llama-server                          13526MiB |
|    0   N/A  N/A          424886      G   kitty                                    41MiB |
+-----------------------------------------------------------------------------------------+
---
Mon Sep 14 03:02:27 PM UTC 2026
14370 MiB, 16311 MiB
Mon Sep 14 12:02:27 2026       
+-----------------------------------------------------------------------------------------+
| NVIDIA-SMI 610.57.04              KMD Version: 610.57.04     CUDA UMD Version: 13.3     |
+-----------------------------------------+------------------------+----------------------+
| GPU  Name                 Persistence-M | Bus-Id          Disp.A | Volatile Uncorr. ECC |
| Fan  Temp   Perf          Pwr:Usage/Cap |           Memory-Usage | GPU-Util  Compute M. |
|                                         |                        |               MIG M. |
|=========================================+========================+======================|
|   0  NVIDIA GeForce RTX 5060 Ti     Off |   00000000:01:00.0  On |                  N/A |
| 53%   61C    P1            179W /  180W |   14370MiB /  16311MiB |     98%      Default |
|                                         |                        |                  N/A |
+-----------------------------------------+------------------------+----------------------+

+-----------------------------------------------------------------------------------------+
| Processes:                                                                              |
|  GPU   GI   CI              PID   Type   Process name                        GPU Memory |
|        ID   ID                                                               Usage      |
|=========================================================================================|
|    0   N/A  N/A            1287      G   Hyprland                                206MiB |
|    0   N/A  N/A            1347      G   quickshell                               74MiB |
|    0   N/A  N/A            1374      G   Xwayland                                  2MiB |
|    0   N/A  N/A            2226    C+G   ...rack-uuid=3190708988185955192          7MiB |
|    0   N/A  N/A            3150    C+G   ...rack-uuid=3190708988185955192        121MiB |
|    0   N/A  N/A          362956      G   kitty                                    21MiB |
|    0   N/A  N/A          405792      G   kitty                                    19MiB |
|    0   N/A  N/A          406752      G   kitty                                    35MiB |
|    0   N/A  N/A          423941      C   llama-server                          13526MiB |
|    0   N/A  N/A          424886      G   kitty                                    41MiB |
+-----------------------------------------------------------------------------------------+
---
Mon Sep 14 03:03:27 PM UTC 2026
14370 MiB, 16311 MiB
Mon Sep 14 12:03:27 2026       
+-----------------------------------------------------------------------------------------+
| NVIDIA-SMI 610.57.04              KMD Version: 610.57.04     CUDA UMD Version: 13.3     |
+-----------------------------------------+------------------------+----------------------+
| GPU  Name                 Persistence-M | Bus-Id          Disp.A | Volatile Uncorr. ECC |
| Fan  Temp   Perf          Pwr:Usage/Cap |           Memory-Usage | GPU-Util  Compute M. |
|                                         |                        |               MIG M. |
|=========================================+========================+======================|
|   0  NVIDIA GeForce RTX 5060 Ti     Off |   00000000:01:00.0  On |                  N/A |
| 55%   61C    P1            180W /  180W |   14370MiB /  16311MiB |     98%      Default |
|                                         |                        |                  N/A |
+-----------------------------------------+------------------------+----------------------+

+-----------------------------------------------------------------------------------------+
| Processes:                                                                              |
|  GPU   GI   CI              PID   Type   Process name                        GPU Memory |
|        ID   ID                                                               Usage      |
|=========================================================================================|
|    0   N/A  N/A            1287      G   Hyprland                                206MiB |
|    0   N/A  N/A            1347      G   quickshell                               74MiB |
|    0   N/A  N/A            1374      G   Xwayland                                  2MiB |
|    0   N/A  N/A            2226    C+G   ...rack-uuid=3190708988185955192          7MiB |
|    0   N/A  N/A            3150    C+G   ...rack-uuid=3190708988185955192        121MiB |
|    0   N/A  N/A          362956      G   kitty                                    21MiB |
|    0   N/A  N/A          405792      G   kitty                                    19MiB |
|    0   N/A  N/A          406752      G   kitty                                    35MiB |
|    0   N/A  N/A          423941      C   llama-server                          13526MiB |
|    0   N/A  N/A          424886      G   kitty                                    41MiB |
+-----------------------------------------------------------------------------------------+
---
Mon Sep 14 03:04:27 PM UTC 2026
14370 MiB, 16311 MiB
Mon Sep 14 12:04:27 2026       
+-----------------------------------------------------------------------------------------+
| NVIDIA-SMI 610.57.04              KMD Version: 610.57.04     CUDA UMD Version: 13.3     |
+-----------------------------------------+------------------------+----------------------+
| GPU  Name                 Persistence-M | Bus-Id          Disp.A | Volatile Uncorr. ECC |
| Fan  Temp   Perf          Pwr:Usage/Cap |           Memory-Usage | GPU-Util  Compute M. |
|                                         |                        |               MIG M. |
|=========================================+========================+======================|
|   0  NVIDIA GeForce RTX 5060 Ti     Off |   00000000:01:00.0  On |                  N/A |
| 56%   60C    P1            180W /  180W |   14370MiB /  16311MiB |     99%      Default |
|                                         |                        |                  N/A |
+-----------------------------------------+------------------------+----------------------+

+-----------------------------------------------------------------------------------------+
| Processes:                                                                              |
|  GPU   GI   CI              PID   Type   Process name                        GPU Memory |
|        ID   ID                                                               Usage      |
|=========================================================================================|
|    0   N/A  N/A            1287      G   Hyprland                                206MiB |
|    0   N/A  N/A            1347      G   quickshell                               74MiB |
|    0   N/A  N/A            1374      G   Xwayland                                  2MiB |
|    0   N/A  N/A            2226    C+G   ...rack-uuid=3190708988185955192          7MiB |
|    0   N/A  N/A            3150    C+G   ...rack-uuid=3190708988185955192        121MiB |
|    0   N/A  N/A          362956      G   kitty                                    21MiB |
|    0   N/A  N/A          405792      G   kitty                                    19MiB |
|    0   N/A  N/A          406752      G   kitty                                    35MiB |
|    0   N/A  N/A          423941      C   llama-server                          13526MiB |
|    0   N/A  N/A          424886      G   kitty                                    41MiB |
+-----------------------------------------------------------------------------------------+
---
Mon Sep 14 03:05:27 PM UTC 2026
14369 MiB, 16311 MiB
Mon Sep 14 12:05:27 2026       
+-----------------------------------------------------------------------------------------+
| NVIDIA-SMI 610.57.04              KMD Version: 610.57.04     CUDA UMD Version: 13.3     |
+-----------------------------------------+------------------------+----------------------+
| GPU  Name                 Persistence-M | Bus-Id          Disp.A | Volatile Uncorr. ECC |
| Fan  Temp   Perf          Pwr:Usage/Cap |           Memory-Usage | GPU-Util  Compute M. |
|                                         |                        |               MIG M. |
|=========================================+========================+======================|
|   0  NVIDIA GeForce RTX 5060 Ti     Off |   00000000:01:00.0  On |                  N/A |
| 56%   63C    P1            177W /  180W |   14369MiB /  16311MiB |    100%      Default |
|                                         |                        |                  N/A |
+-----------------------------------------+------------------------+----------------------+

+-----------------------------------------------------------------------------------------+
| Processes:                                                                              |
|  GPU   GI   CI              PID   Type   Process name                        GPU Memory |
|        ID   ID                                                               Usage      |
|=========================================================================================|
|    0   N/A  N/A            1287      G   Hyprland                                206MiB |
|    0   N/A  N/A            1347      G   quickshell                               74MiB |
|    0   N/A  N/A            1374      G   Xwayland                                  2MiB |
|    0   N/A  N/A            2226    C+G   ...rack-uuid=3190708988185955192          7MiB |
|    0   N/A  N/A            3150    C+G   ...rack-uuid=3190708988185955192        120MiB |
|    0   N/A  N/A          362956      G   kitty                                    21MiB |
|    0   N/A  N/A          405792      G   kitty                                    19MiB |
|    0   N/A  N/A          406752      G   kitty                                    35MiB |
|    0   N/A  N/A          423941      C   llama-server                          13526MiB |
|    0   N/A  N/A          424886      G   kitty                                    41MiB |
+-----------------------------------------------------------------------------------------+
---
Mon Sep 14 03:06:27 PM UTC 2026
14447 MiB, 16311 MiB
Mon Sep 14 12:06:27 2026       
+-----------------------------------------------------------------------------------------+
| NVIDIA-SMI 610.57.04              KMD Version: 610.57.04     CUDA UMD Version: 13.3     |
+-----------------------------------------+------------------------+----------------------+
| GPU  Name                 Persistence-M | Bus-Id          Disp.A | Volatile Uncorr. ECC |
| Fan  Temp   Perf          Pwr:Usage/Cap |           Memory-Usage | GPU-Util  Compute M. |
|                                         |                        |               MIG M. |
|=========================================+========================+======================|
|   0  NVIDIA GeForce RTX 5060 Ti     Off |   00000000:01:00.0  On |                  N/A |
| 60%   59C    P1            181W /  180W |   14447MiB /  16311MiB |     98%      Default |
|                                         |                        |                  N/A |
+-----------------------------------------+------------------------+----------------------+

+-----------------------------------------------------------------------------------------+
| Processes:                                                                              |
|  GPU   GI   CI              PID   Type   Process name                        GPU Memory |
|        ID   ID                                                               Usage      |
|=========================================================================================|
|    0   N/A  N/A            1287      G   Hyprland                                206MiB |
|    0   N/A  N/A            1347      G   quickshell                               74MiB |
|    0   N/A  N/A            1374      G   Xwayland                                  2MiB |
|    0   N/A  N/A            2226    C+G   ...rack-uuid=3190708988185955192          7MiB |
|    0   N/A  N/A            3150    C+G   ...rack-uuid=3190708988185955192        120MiB |
|    0   N/A  N/A          362956      G   kitty                                    21MiB |
|    0   N/A  N/A          405792      G   kitty                                    19MiB |
|    0   N/A  N/A          406752      G   kitty                                    35MiB |
|    0   N/A  N/A          423941      C   llama-server                          13526MiB |
|    0   N/A  N/A          424886      G   kitty                                    41MiB |
|    0   N/A  N/A          480944      G   kitty                                    47MiB |
+-----------------------------------------------------------------------------------------+
---
Mon Sep 14 03:07:27 PM UTC 2026
14447 MiB, 16311 MiB
Mon Sep 14 12:07:27 2026       
+-----------------------------------------------------------------------------------------+
| NVIDIA-SMI 610.57.04              KMD Version: 610.57.04     CUDA UMD Version: 13.3     |
+-----------------------------------------+------------------------+----------------------+
| GPU  Name                 Persistence-M | Bus-Id          Disp.A | Volatile Uncorr. ECC |
| Fan  Temp   Perf          Pwr:Usage/Cap |           Memory-Usage | GPU-Util  Compute M. |
|                                         |                        |               MIG M. |
|=========================================+========================+======================|
|   0  NVIDIA GeForce RTX 5060 Ti     Off |   00000000:01:00.0  On |                  N/A |
| 58%   59C    P1            179W /  180W |   14447MiB /  16311MiB |     98%      Default |
|                                         |                        |                  N/A |
+-----------------------------------------+------------------------+----------------------+

+-----------------------------------------------------------------------------------------+
| Processes:                                                                              |
|  GPU   GI   CI              PID   Type   Process name                        GPU Memory |
|        ID   ID                                                               Usage      |
|=========================================================================================|
|    0   N/A  N/A            1287      G   Hyprland                                206MiB |
|    0   N/A  N/A            1347      G   quickshell                               74MiB |
|    0   N/A  N/A            1374      G   Xwayland                                  2MiB |
|    0   N/A  N/A            2226    C+G   ...rack-uuid=3190708988185955192          7MiB |
|    0   N/A  N/A            3150    C+G   ...rack-uuid=3190708988185955192        120MiB |
|    0   N/A  N/A          362956      G   kitty                                    21MiB |
|    0   N/A  N/A          405792      G   kitty                                    19MiB |
|    0   N/A  N/A          406752      G   kitty                                    35MiB |
|    0   N/A  N/A          423941      C   llama-server                          13526MiB |
|    0   N/A  N/A          424886      G   kitty                                    41MiB |
|    0   N/A  N/A          480944      G   kitty                                    47MiB |
+-----------------------------------------------------------------------------------------+
---
Mon Sep 14 03:08:27 PM UTC 2026
14447 MiB, 16311 MiB
Mon Sep 14 12:08:27 2026       
+-----------------------------------------------------------------------------------------+
| NVIDIA-SMI 610.57.04              KMD Version: 610.57.04     CUDA UMD Version: 13.3     |
+-----------------------------------------+------------------------+----------------------+
| GPU  Name                 Persistence-M | Bus-Id          Disp.A | Volatile Uncorr. ECC |
| Fan  Temp   Perf          Pwr:Usage/Cap |           Memory-Usage | GPU-Util  Compute M. |
|                                         |                        |               MIG M. |
|=========================================+========================+======================|
|   0  NVIDIA GeForce RTX 5060 Ti     Off |   00000000:01:00.0  On |                  N/A |
| 57%   59C    P1            179W /  180W |   14447MiB /  16311MiB |     99%      Default |
|                                         |                        |                  N/A |
+-----------------------------------------+------------------------+----------------------+

+-----------------------------------------------------------------------------------------+
| Processes:                                                                              |
|  GPU   GI   CI              PID   Type   Process name                        GPU Memory |
|        ID   ID                                                               Usage      |
|=========================================================================================|
|    0   N/A  N/A            1287      G   Hyprland                                206MiB |
|    0   N/A  N/A            1347      G   quickshell                               74MiB |
|    0   N/A  N/A            1374      G   Xwayland                                  2MiB |
|    0   N/A  N/A            2226    C+G   ...rack-uuid=3190708988185955192          7MiB |
|    0   N/A  N/A            3150    C+G   ...rack-uuid=3190708988185955192        120MiB |
|    0   N/A  N/A          362956      G   kitty                                    21MiB |
|    0   N/A  N/A          405792      G   kitty                                    19MiB |
|    0   N/A  N/A          406752      G   kitty                                    35MiB |
|    0   N/A  N/A          423941      C   llama-server                          13526MiB |
|    0   N/A  N/A          424886      G   kitty                                    41MiB |
|    0   N/A  N/A          480944      G   kitty                                    47MiB |
+-----------------------------------------------------------------------------------------+
---
Mon Sep 14 03:09:27 PM UTC 2026
14587 MiB, 16311 MiB
Mon Sep 14 12:09:27 2026       
+-----------------------------------------------------------------------------------------+
| NVIDIA-SMI 610.57.04              KMD Version: 610.57.04     CUDA UMD Version: 13.3     |
+-----------------------------------------+------------------------+----------------------+
| GPU  Name                 Persistence-M | Bus-Id          Disp.A | Volatile Uncorr. ECC |
| Fan  Temp   Perf          Pwr:Usage/Cap |           Memory-Usage | GPU-Util  Compute M. |
|                                         |                        |               MIG M. |
|=========================================+========================+======================|
|   0  NVIDIA GeForce RTX 5060 Ti     Off |   00000000:01:00.0 Off |                  N/A |
| 56%   60C    P1            179W /  180W |   14587MiB /  16311MiB |     99%      Default |
|                                         |                        |                  N/A |
+-----------------------------------------+------------------------+----------------------+

+-----------------------------------------------------------------------------------------+
| Processes:                                                                              |
|  GPU   GI   CI              PID   Type   Process name                        GPU Memory |
|        ID   ID                                                               Usage      |
|=========================================================================================|
|    0   N/A  N/A            1287      G   Hyprland                                206MiB |
|    0   N/A  N/A            1347      G   quickshell                              271MiB |
|    0   N/A  N/A            1374      G   Xwayland                                  2MiB |
|    0   N/A  N/A            2226    C+G   ...rack-uuid=3190708988185955192          7MiB |
|    0   N/A  N/A            3150    C+G   ...rack-uuid=3190708988185955192        120MiB |
|    0   N/A  N/A          362956      G   kitty                                    21MiB |
|    0   N/A  N/A          405792      G   kitty                                    19MiB |
|    0   N/A  N/A          406752      G   kitty                                    35MiB |
|    0   N/A  N/A          423941      C   llama-server                          13526MiB |
|    0   N/A  N/A          424886      G   kitty                                    41MiB |
+-----------------------------------------------------------------------------------------+
---
Mon Sep 14 03:10:27 PM UTC 2026
14587 MiB, 16311 MiB
Mon Sep 14 12:10:27 2026       
+-----------------------------------------------------------------------------------------+
| NVIDIA-SMI 610.57.04              KMD Version: 610.57.04     CUDA UMD Version: 13.3     |
+-----------------------------------------+------------------------+----------------------+
| GPU  Name                 Persistence-M | Bus-Id          Disp.A | Volatile Uncorr. ECC |
| Fan  Temp   Perf          Pwr:Usage/Cap |           Memory-Usage | GPU-Util  Compute M. |
|                                         |                        |               MIG M. |
|=========================================+========================+======================|
|   0  NVIDIA GeForce RTX 5060 Ti     Off |   00000000:01:00.0 Off |                  N/A |
| 55%   60C    P1            180W /  180W |   14587MiB /  16311MiB |     98%      Default |
|                                         |                        |                  N/A |
+-----------------------------------------+------------------------+----------------------+

+-----------------------------------------------------------------------------------------+
| Processes:                                                                              |
|  GPU   GI   CI              PID   Type   Process name                        GPU Memory |
|        ID   ID                                                               Usage      |
|=========================================================================================|
|    0   N/A  N/A            1287      G   Hyprland                                206MiB |
|    0   N/A  N/A            1347      G   quickshell                              271MiB |
|    0   N/A  N/A            1374      G   Xwayland                                  2MiB |
|    0   N/A  N/A            2226    C+G   ...rack-uuid=3190708988185955192          7MiB |
|    0   N/A  N/A            3150    C+G   ...rack-uuid=3190708988185955192        120MiB |
|    0   N/A  N/A          362956      G   kitty                                    21MiB |
|    0   N/A  N/A          405792      G   kitty                                    19MiB |
|    0   N/A  N/A          406752      G   kitty                                    35MiB |
|    0   N/A  N/A          423941      C   llama-server                          13526MiB |
|    0   N/A  N/A          424886      G   kitty                                    41MiB |
+-----------------------------------------------------------------------------------------+
---
Mon Sep 14 03:11:27 PM UTC 2026
14587 MiB, 16311 MiB
Mon Sep 14 12:11:27 2026       
+-----------------------------------------------------------------------------------------+
| NVIDIA-SMI 610.57.04              KMD Version: 610.57.04     CUDA UMD Version: 13.3     |
+-----------------------------------------+------------------------+----------------------+
| GPU  Name                 Persistence-M | Bus-Id          Disp.A | Volatile Uncorr. ECC |
| Fan  Temp   Perf          Pwr:Usage/Cap |           Memory-Usage | GPU-Util  Compute M. |
|                                         |                        |               MIG M. |
|=========================================+========================+======================|
|   0  NVIDIA GeForce RTX 5060 Ti     Off |   00000000:01:00.0 Off |                  N/A |
| 55%   60C    P1            179W /  180W |   14587MiB /  16311MiB |     98%      Default |
|                                         |                        |                  N/A |
+-----------------------------------------+------------------------+----------------------+

+-----------------------------------------------------------------------------------------+
| Processes:                                                                              |
|  GPU   GI   CI              PID   Type   Process name                        GPU Memory |
|        ID   ID                                                               Usage      |
|=========================================================================================|
|    0   N/A  N/A            1287      G   Hyprland                                206MiB |
|    0   N/A  N/A            1347      G   quickshell                              271MiB |
|    0   N/A  N/A            1374      G   Xwayland                                  2MiB |
|    0   N/A  N/A            2226    C+G   ...rack-uuid=3190708988185955192          7MiB |
|    0   N/A  N/A            3150    C+G   ...rack-uuid=3190708988185955192        120MiB |
|    0   N/A  N/A          362956      G   kitty                                    21MiB |
|    0   N/A  N/A          405792      G   kitty                                    19MiB |
|    0   N/A  N/A          406752      G   kitty                                    35MiB |
|    0   N/A  N/A          423941      C   llama-server                          13526MiB |
|    0   N/A  N/A          424886      G   kitty                                    41MiB |
+-----------------------------------------------------------------------------------------+
---
Mon Sep 14 03:12:27 PM UTC 2026
14346 MiB, 16311 MiB
Mon Sep 14 12:12:27 2026       
+-----------------------------------------------------------------------------------------+
| NVIDIA-SMI 610.57.04              KMD Version: 610.57.04     CUDA UMD Version: 13.3     |
+-----------------------------------------+------------------------+----------------------+
| GPU  Name                 Persistence-M | Bus-Id          Disp.A | Volatile Uncorr. ECC |
| Fan  Temp   Perf          Pwr:Usage/Cap |           Memory-Usage | GPU-Util  Compute M. |
|                                         |                        |               MIG M. |
|=========================================+========================+======================|
|   0  NVIDIA GeForce RTX 5060 Ti     Off |   00000000:01:00.0  On |                  N/A |
| 55%   59C    P1            179W /  180W |   14346MiB /  16311MiB |     98%      Default |
|                                         |                        |                  N/A |
+-----------------------------------------+------------------------+----------------------+

+-----------------------------------------------------------------------------------------+
| Processes:                                                                              |
|  GPU   GI   CI              PID   Type   Process name                        GPU Memory |
|        ID   ID                                                               Usage      |
|=========================================================================================|
|    0   N/A  N/A            1287      G   Hyprland                                184MiB |
|    0   N/A  N/A            1347      G   quickshell                               74MiB |
|    0   N/A  N/A            1374      G   Xwayland                                  2MiB |
|    0   N/A  N/A            2226    C+G   ...rack-uuid=3190708988185955192          7MiB |
|    0   N/A  N/A            3150    C+G   ...rack-uuid=3190708988185955192        120MiB |
|    0   N/A  N/A          362956      G   kitty                                    21MiB |
|    0   N/A  N/A          405792      G   kitty                                    19MiB |
|    0   N/A  N/A          406752      G   kitty                                    35MiB |
|    0   N/A  N/A          423941      C   llama-server                          13526MiB |
|    0   N/A  N/A          424886      G   kitty                                    41MiB |
+-----------------------------------------------------------------------------------------+
---
Mon Sep 14 03:13:27 PM UTC 2026
14369 MiB, 16311 MiB
Mon Sep 14 12:13:27 2026       
+-----------------------------------------------------------------------------------------+
| NVIDIA-SMI 610.57.04              KMD Version: 610.57.04     CUDA UMD Version: 13.3     |
+-----------------------------------------+------------------------+----------------------+
| GPU  Name                 Persistence-M | Bus-Id          Disp.A | Volatile Uncorr. ECC |
| Fan  Temp   Perf          Pwr:Usage/Cap |           Memory-Usage | GPU-Util  Compute M. |
|                                         |                        |               MIG M. |
|=========================================+========================+======================|
|   0  NVIDIA GeForce RTX 5060 Ti     Off |   00000000:01:00.0  On |                  N/A |
| 55%   60C    P1            180W /  180W |   14369MiB /  16311MiB |     98%      Default |
|                                         |                        |                  N/A |
+-----------------------------------------+------------------------+----------------------+

+-----------------------------------------------------------------------------------------+
| Processes:                                                                              |
|  GPU   GI   CI              PID   Type   Process name                        GPU Memory |
|        ID   ID                                                               Usage      |
|=========================================================================================|
|    0   N/A  N/A            1287      G   Hyprland                                206MiB |
|    0   N/A  N/A            1347      G   quickshell                               74MiB |
|    0   N/A  N/A            1374      G   Xwayland                                  2MiB |
|    0   N/A  N/A            2226    C+G   ...rack-uuid=3190708988185955192          7MiB |
|    0   N/A  N/A            3150    C+G   ...rack-uuid=3190708988185955192        120MiB |
|    0   N/A  N/A          362956      G   kitty                                    21MiB |
|    0   N/A  N/A          405792      G   kitty                                    19MiB |
|    0   N/A  N/A          406752      G   kitty                                    35MiB |
|    0   N/A  N/A          423941      C   llama-server                          13526MiB |
|    0   N/A  N/A          424886      G   kitty                                    41MiB |
+-----------------------------------------------------------------------------------------+
---
Mon Sep 14 03:14:27 PM UTC 2026
14368 MiB, 16311 MiB
Mon Sep 14 12:14:27 2026       
+-----------------------------------------------------------------------------------------+
| NVIDIA-SMI 610.57.04              KMD Version: 610.57.04     CUDA UMD Version: 13.3     |
+-----------------------------------------+------------------------+----------------------+
| GPU  Name                 Persistence-M | Bus-Id          Disp.A | Volatile Uncorr. ECC |
| Fan  Temp   Perf          Pwr:Usage/Cap |           Memory-Usage | GPU-Util  Compute M. |
|                                         |                        |               MIG M. |
|=========================================+========================+======================|
|   0  NVIDIA GeForce RTX 5060 Ti     Off |   00000000:01:00.0  On |                  N/A |
| 53%   60C    P1            180W /  180W |   14368MiB /  16311MiB |     98%      Default |
|                                         |                        |                  N/A |
+-----------------------------------------+------------------------+----------------------+

+-----------------------------------------------------------------------------------------+
| Processes:                                                                              |
|  GPU   GI   CI              PID   Type   Process name                        GPU Memory |
|        ID   ID                                                               Usage      |
|=========================================================================================|
|    0   N/A  N/A            1287      G   Hyprland                                206MiB |
|    0   N/A  N/A            1347      G   quickshell                               74MiB |
|    0   N/A  N/A            1374      G   Xwayland                                  2MiB |
|    0   N/A  N/A            2226    C+G   ...rack-uuid=3190708988185955192          7MiB |
|    0   N/A  N/A            3150    C+G   ...rack-uuid=3190708988185955192        120MiB |
|    0   N/A  N/A          362956      G   kitty                                    21MiB |
|    0   N/A  N/A          405792      G   kitty                                    19MiB |
|    0   N/A  N/A          406752      G   kitty                                    35MiB |
|    0   N/A  N/A          423941      C   llama-server                          13526MiB |
|    0   N/A  N/A          424886      G   kitty                                    41MiB |
+-----------------------------------------------------------------------------------------+
---
Mon Sep 14 03:15:27 PM UTC 2026
14368 MiB, 16311 MiB
Mon Sep 14 12:15:27 2026       
+-----------------------------------------------------------------------------------------+
| NVIDIA-SMI 610.57.04              KMD Version: 610.57.04     CUDA UMD Version: 13.3     |
+-----------------------------------------+------------------------+----------------------+
| GPU  Name                 Persistence-M | Bus-Id          Disp.A | Volatile Uncorr. ECC |
| Fan  Temp   Perf          Pwr:Usage/Cap |           Memory-Usage | GPU-Util  Compute M. |
|                                         |                        |               MIG M. |
|=========================================+========================+======================|
|   0  NVIDIA GeForce RTX 5060 Ti     Off |   00000000:01:00.0  On |                  N/A |
| 54%   60C    P1            179W /  180W |   14368MiB /  16311MiB |     98%      Default |
|                                         |                        |                  N/A |
+-----------------------------------------+------------------------+----------------------+

+-----------------------------------------------------------------------------------------+
| Processes:                                                                              |
|  GPU   GI   CI              PID   Type   Process name                        GPU Memory |
|        ID   ID                                                               Usage      |
|=========================================================================================|
|    0   N/A  N/A            1287      G   Hyprland                                206MiB |
|    0   N/A  N/A            1347      G   quickshell                               74MiB |
|    0   N/A  N/A            1374      G   Xwayland                                  2MiB |
|    0   N/A  N/A            2226    C+G   ...rack-uuid=3190708988185955192          7MiB |
|    0   N/A  N/A            3150    C+G   ...rack-uuid=3190708988185955192        120MiB |
|    0   N/A  N/A          362956      G   kitty                                    21MiB |
|    0   N/A  N/A          405792      G   kitty                                    19MiB |
|    0   N/A  N/A          406752      G   kitty                                    35MiB |
|    0   N/A  N/A          423941      C   llama-server                          13526MiB |
|    0   N/A  N/A          424886      G   kitty                                    41MiB |
+-----------------------------------------------------------------------------------------+
---
Mon Sep 14 03:16:27 PM UTC 2026
14369 MiB, 16311 MiB
Mon Sep 14 12:16:27 2026       
+-----------------------------------------------------------------------------------------+
| NVIDIA-SMI 610.57.04              KMD Version: 610.57.04     CUDA UMD Version: 13.3     |
+-----------------------------------------+------------------------+----------------------+
| GPU  Name                 Persistence-M | Bus-Id          Disp.A | Volatile Uncorr. ECC |
| Fan  Temp   Perf          Pwr:Usage/Cap |           Memory-Usage | GPU-Util  Compute M. |
|                                         |                        |               MIG M. |
|=========================================+========================+======================|
|   0  NVIDIA GeForce RTX 5060 Ti     Off |   00000000:01:00.0  On |                  N/A |
| 55%   59C    P1            179W /  180W |   14369MiB /  16311MiB |     98%      Default |
|                                         |                        |                  N/A |
+-----------------------------------------+------------------------+----------------------+

+-----------------------------------------------------------------------------------------+
| Processes:                                                                              |
|  GPU   GI   CI              PID   Type   Process name                        GPU Memory |
|        ID   ID                                                               Usage      |
|=========================================================================================|
|    0   N/A  N/A            1287      G   Hyprland                                206MiB |
|    0   N/A  N/A            1347      G   quickshell                               74MiB |
|    0   N/A  N/A            1374      G   Xwayland                                  2MiB |
|    0   N/A  N/A            2226    C+G   ...rack-uuid=3190708988185955192          7MiB |
|    0   N/A  N/A            3150    C+G   ...rack-uuid=3190708988185955192        120MiB |
|    0   N/A  N/A          362956      G   kitty                                    21MiB |
|    0   N/A  N/A          405792      G   kitty                                    19MiB |
|    0   N/A  N/A          406752      G   kitty                                    35MiB |
|    0   N/A  N/A          423941      C   llama-server                          13526MiB |
|    0   N/A  N/A          424886      G   kitty                                    41MiB |
+-----------------------------------------------------------------------------------------+
---
Mon Sep 14 03:17:27 PM UTC 2026
14368 MiB, 16311 MiB
Mon Sep 14 12:17:27 2026       
+-----------------------------------------------------------------------------------------+
| NVIDIA-SMI 610.57.04              KMD Version: 610.57.04     CUDA UMD Version: 13.3     |
+-----------------------------------------+------------------------+----------------------+
| GPU  Name                 Persistence-M | Bus-Id          Disp.A | Volatile Uncorr. ECC |
| Fan  Temp   Perf          Pwr:Usage/Cap |           Memory-Usage | GPU-Util  Compute M. |
|                                         |                        |               MIG M. |
|=========================================+========================+======================|
|   0  NVIDIA GeForce RTX 5060 Ti     Off |   00000000:01:00.0  On |                  N/A |
| 55%   60C    P1            180W /  180W |   14368MiB /  16311MiB |     98%      Default |
|                                         |                        |                  N/A |
+-----------------------------------------+------------------------+----------------------+

+-----------------------------------------------------------------------------------------+
| Processes:                                                                              |
|  GPU   GI   CI              PID   Type   Process name                        GPU Memory |
|        ID   ID                                                               Usage      |
|=========================================================================================|
|    0   N/A  N/A            1287      G   Hyprland                                206MiB |
|    0   N/A  N/A            1347      G   quickshell                               74MiB |
|    0   N/A  N/A            1374      G   Xwayland                                  2MiB |
|    0   N/A  N/A            2226    C+G   ...rack-uuid=3190708988185955192          7MiB |
|    0   N/A  N/A            3150    C+G   ...rack-uuid=3190708988185955192        120MiB |
|    0   N/A  N/A          362956      G   kitty                                    21MiB |
|    0   N/A  N/A          405792      G   kitty                                    19MiB |
|    0   N/A  N/A          406752      G   kitty                                    35MiB |
|    0   N/A  N/A          423941      C   llama-server                          13526MiB |
|    0   N/A  N/A          424886      G   kitty                                    41MiB |
+-----------------------------------------------------------------------------------------+
---
Mon Sep 14 03:18:27 PM UTC 2026
14368 MiB, 16311 MiB
Mon Sep 14 12:18:27 2026       
+-----------------------------------------------------------------------------------------+
| NVIDIA-SMI 610.57.04              KMD Version: 610.57.04     CUDA UMD Version: 13.3     |
+-----------------------------------------+------------------------+----------------------+
| GPU  Name                 Persistence-M | Bus-Id          Disp.A | Volatile Uncorr. ECC |
| Fan  Temp   Perf          Pwr:Usage/Cap |           Memory-Usage | GPU-Util  Compute M. |
|                                         |                        |               MIG M. |
|=========================================+========================+======================|
|   0  NVIDIA GeForce RTX 5060 Ti     Off |   00000000:01:00.0  On |                  N/A |
| 53%   60C    P1            179W /  180W |   14368MiB /  16311MiB |     96%      Default |
|                                         |                        |                  N/A |
+-----------------------------------------+------------------------+----------------------+

+-----------------------------------------------------------------------------------------+
| Processes:                                                                              |
|  GPU   GI   CI              PID   Type   Process name                        GPU Memory |
|        ID   ID                                                               Usage      |
|=========================================================================================|
|    0   N/A  N/A            1287      G   Hyprland                                206MiB |
|    0   N/A  N/A            1347      G   quickshell                               74MiB |
|    0   N/A  N/A            1374      G   Xwayland                                  2MiB |
|    0   N/A  N/A            2226    C+G   ...rack-uuid=3190708988185955192          7MiB |
|    0   N/A  N/A            3150    C+G   ...rack-uuid=3190708988185955192        120MiB |
|    0   N/A  N/A          362956      G   kitty                                    21MiB |
|    0   N/A  N/A          405792      G   kitty                                    19MiB |
|    0   N/A  N/A          406752      G   kitty                                    35MiB |
|    0   N/A  N/A          423941      C   llama-server                          13526MiB |
|    0   N/A  N/A          424886      G   kitty                                    41MiB |
+-----------------------------------------------------------------------------------------+
---
Mon Sep 14 03:19:27 PM UTC 2026
14369 MiB, 16311 MiB
Mon Sep 14 12:19:27 2026       
+-----------------------------------------------------------------------------------------+
| NVIDIA-SMI 610.57.04              KMD Version: 610.57.04     CUDA UMD Version: 13.3     |
+-----------------------------------------+------------------------+----------------------+
| GPU  Name                 Persistence-M | Bus-Id          Disp.A | Volatile Uncorr. ECC |
| Fan  Temp   Perf          Pwr:Usage/Cap |           Memory-Usage | GPU-Util  Compute M. |
|                                         |                        |               MIG M. |
|=========================================+========================+======================|
|   0  NVIDIA GeForce RTX 5060 Ti     Off |   00000000:01:00.0  On |                  N/A |
| 54%   60C    P1            179W /  180W |   14369MiB /  16311MiB |     98%      Default |
|                                         |                        |                  N/A |
+-----------------------------------------+------------------------+----------------------+

+-----------------------------------------------------------------------------------------+
| Processes:                                                                              |
|  GPU   GI   CI              PID   Type   Process name                        GPU Memory |
|        ID   ID                                                               Usage      |
|=========================================================================================|
|    0   N/A  N/A            1287      G   Hyprland                                206MiB |
|    0   N/A  N/A            1347      G   quickshell                               74MiB |
|    0   N/A  N/A            1374      G   Xwayland                                  2MiB |
|    0   N/A  N/A            2226    C+G   ...rack-uuid=3190708988185955192          7MiB |
|    0   N/A  N/A            3150    C+G   ...rack-uuid=3190708988185955192        120MiB |
|    0   N/A  N/A          362956      G   kitty                                    21MiB |
|    0   N/A  N/A          405792      G   kitty                                    19MiB |
|    0   N/A  N/A          406752      G   kitty                                    35MiB |
|    0   N/A  N/A          423941      C   llama-server                          13526MiB |
|    0   N/A  N/A          424886      G   kitty                                    41MiB |
+-----------------------------------------------------------------------------------------+
---
Mon Sep 14 03:20:27 PM UTC 2026
14587 MiB, 16311 MiB
Mon Sep 14 12:20:27 2026       
+-----------------------------------------------------------------------------------------+
| NVIDIA-SMI 610.57.04              KMD Version: 610.57.04     CUDA UMD Version: 13.3     |
+-----------------------------------------+------------------------+----------------------+
| GPU  Name                 Persistence-M | Bus-Id          Disp.A | Volatile Uncorr. ECC |
| Fan  Temp   Perf          Pwr:Usage/Cap |           Memory-Usage | GPU-Util  Compute M. |
|                                         |                        |               MIG M. |
|=========================================+========================+======================|
|   0  NVIDIA GeForce RTX 5060 Ti     Off |   00000000:01:00.0 Off |                  N/A |
| 55%   61C    P1            180W /  180W |   14587MiB /  16311MiB |     98%      Default |
|                                         |                        |                  N/A |
+-----------------------------------------+------------------------+----------------------+

+-----------------------------------------------------------------------------------------+
| Processes:                                                                              |
|  GPU   GI   CI              PID   Type   Process name                        GPU Memory |
|        ID   ID                                                               Usage      |
|=========================================================================================|
|    0   N/A  N/A            1287      G   Hyprland                                206MiB |
|    0   N/A  N/A            1347      G   quickshell                              271MiB |
|    0   N/A  N/A            1374      G   Xwayland                                  2MiB |
|    0   N/A  N/A            2226    C+G   ...rack-uuid=3190708988185955192          7MiB |
|    0   N/A  N/A            3150    C+G   ...rack-uuid=3190708988185955192        120MiB |
|    0   N/A  N/A          362956      G   kitty                                    21MiB |
|    0   N/A  N/A          405792      G   kitty                                    19MiB |
|    0   N/A  N/A          406752      G   kitty                                    35MiB |
|    0   N/A  N/A          423941      C   llama-server                          13526MiB |
|    0   N/A  N/A          424886      G   kitty                                    41MiB |
+-----------------------------------------------------------------------------------------+
---
Mon Sep 14 03:21:27 PM UTC 2026
14600 MiB, 16311 MiB
Mon Sep 14 12:21:28 2026       
+-----------------------------------------------------------------------------------------+
| NVIDIA-SMI 610.57.04              KMD Version: 610.57.04     CUDA UMD Version: 13.3     |
+-----------------------------------------+------------------------+----------------------+
| GPU  Name                 Persistence-M | Bus-Id          Disp.A | Volatile Uncorr. ECC |
| Fan  Temp   Perf          Pwr:Usage/Cap |           Memory-Usage | GPU-Util  Compute M. |
|                                         |                        |               MIG M. |
|=========================================+========================+======================|
|   0  NVIDIA GeForce RTX 5060 Ti     Off |   00000000:01:00.0 Off |                  N/A |
| 56%   61C    P1            179W /  180W |   14600MiB /  16311MiB |     98%      Default |
|                                         |                        |                  N/A |
+-----------------------------------------+------------------------+----------------------+

+-----------------------------------------------------------------------------------------+
| Processes:                                                                              |
|  GPU   GI   CI              PID   Type   Process name                        GPU Memory |
|        ID   ID                                                               Usage      |
|=========================================================================================|
|    0   N/A  N/A            1287      G   Hyprland                                250MiB |
|    0   N/A  N/A            1347      G   quickshell                              240MiB |
|    0   N/A  N/A            1374      G   Xwayland                                  2MiB |
|    0   N/A  N/A            2226    C+G   ...rack-uuid=3190708988185955192          7MiB |
|    0   N/A  N/A            3150    C+G   ...rack-uuid=3190708988185955192        120MiB |
|    0   N/A  N/A          362956      G   kitty                                    21MiB |
|    0   N/A  N/A          405792      G   kitty                                    19MiB |
|    0   N/A  N/A          406752      G   kitty                                    35MiB |
|    0   N/A  N/A          423941      C   llama-server                          13526MiB |
|    0   N/A  N/A          424886      G   kitty                                    41MiB |
+-----------------------------------------------------------------------------------------+
---
Mon Sep 14 03:22:28 PM UTC 2026
14600 MiB, 16311 MiB
Mon Sep 14 12:22:28 2026       
+-----------------------------------------------------------------------------------------+
| NVIDIA-SMI 610.57.04              KMD Version: 610.57.04     CUDA UMD Version: 13.3     |
+-----------------------------------------+------------------------+----------------------+
| GPU  Name                 Persistence-M | Bus-Id          Disp.A | Volatile Uncorr. ECC |
| Fan  Temp   Perf          Pwr:Usage/Cap |           Memory-Usage | GPU-Util  Compute M. |
|                                         |                        |               MIG M. |
|=========================================+========================+======================|
|   0  NVIDIA GeForce RTX 5060 Ti     Off |   00000000:01:00.0 Off |                  N/A |
| 53%   61C    P1            179W /  180W |   14600MiB /  16311MiB |     98%      Default |
|                                         |                        |                  N/A |
+-----------------------------------------+------------------------+----------------------+

+-----------------------------------------------------------------------------------------+
| Processes:                                                                              |
|  GPU   GI   CI              PID   Type   Process name                        GPU Memory |
|        ID   ID                                                               Usage      |
|=========================================================================================|
|    0   N/A  N/A            1287      G   Hyprland                                250MiB |
|    0   N/A  N/A            1347      G   quickshell                              240MiB |
|    0   N/A  N/A            1374      G   Xwayland                                  2MiB |
|    0   N/A  N/A            2226    C+G   ...rack-uuid=3190708988185955192          7MiB |
|    0   N/A  N/A            3150    C+G   ...rack-uuid=3190708988185955192        120MiB |
|    0   N/A  N/A          362956      G   kitty                                    21MiB |
|    0   N/A  N/A          405792      G   kitty                                    19MiB |
|    0   N/A  N/A          406752      G   kitty                                    35MiB |
|    0   N/A  N/A          423941      C   llama-server                          13526MiB |
|    0   N/A  N/A          424886      G   kitty                                    41MiB |
+-----------------------------------------------------------------------------------------+
---
Mon Sep 14 03:23:28 PM UTC 2026
14600 MiB, 16311 MiB
Mon Sep 14 12:23:28 2026       
+-----------------------------------------------------------------------------------------+
| NVIDIA-SMI 610.57.04              KMD Version: 610.57.04     CUDA UMD Version: 13.3     |
+-----------------------------------------+------------------------+----------------------+
| GPU  Name                 Persistence-M | Bus-Id          Disp.A | Volatile Uncorr. ECC |
| Fan  Temp   Perf          Pwr:Usage/Cap |           Memory-Usage | GPU-Util  Compute M. |
|                                         |                        |               MIG M. |
|=========================================+========================+======================|
|   0  NVIDIA GeForce RTX 5060 Ti     Off |   00000000:01:00.0 Off |                  N/A |
| 54%   60C    P1            180W /  180W |   14600MiB /  16311MiB |     99%      Default |
|                                         |                        |                  N/A |
+-----------------------------------------+------------------------+----------------------+

+-----------------------------------------------------------------------------------------+
| Processes:                                                                              |
|  GPU   GI   CI              PID   Type   Process name                        GPU Memory |
|        ID   ID                                                               Usage      |
|=========================================================================================|
|    0   N/A  N/A            1287      G   Hyprland                                250MiB |
|    0   N/A  N/A            1347      G   quickshell                              240MiB |
|    0   N/A  N/A            1374      G   Xwayland                                  2MiB |
|    0   N/A  N/A            2226    C+G   ...rack-uuid=3190708988185955192          7MiB |
|    0   N/A  N/A            3150    C+G   ...rack-uuid=3190708988185955192        120MiB |
|    0   N/A  N/A          362956      G   kitty                                    21MiB |
|    0   N/A  N/A          405792      G   kitty                                    19MiB |
|    0   N/A  N/A          406752      G   kitty                                    35MiB |
|    0   N/A  N/A          423941      C   llama-server                          13526MiB |
|    0   N/A  N/A          424886      G   kitty                                    41MiB |
+-----------------------------------------------------------------------------------------+
---
Mon Sep 14 03:24:28 PM UTC 2026
14661 MiB, 16311 MiB
Mon Sep 14 12:24:28 2026       
+-----------------------------------------------------------------------------------------+
| NVIDIA-SMI 610.57.04              KMD Version: 610.57.04     CUDA UMD Version: 13.3     |
+-----------------------------------------+------------------------+----------------------+
| GPU  Name                 Persistence-M | Bus-Id          Disp.A | Volatile Uncorr. ECC |
| Fan  Temp   Perf          Pwr:Usage/Cap |           Memory-Usage | GPU-Util  Compute M. |
|                                         |                        |               MIG M. |
|=========================================+========================+======================|
|   0  NVIDIA GeForce RTX 5060 Ti     Off |   00000000:01:00.0 Off |                  N/A |
| 55%   60C    P1            180W /  180W |   14661MiB /  16311MiB |     98%      Default |
|                                         |                        |                  N/A |
+-----------------------------------------+------------------------+----------------------+

+-----------------------------------------------------------------------------------------+
| Processes:                                                                              |
|  GPU   GI   CI              PID   Type   Process name                        GPU Memory |
|        ID   ID                                                               Usage      |
|=========================================================================================|
|    0   N/A  N/A            1287      G   Hyprland                                228MiB |
|    0   N/A  N/A            1347      G   quickshell                              240MiB |
|    0   N/A  N/A            1374      G   Xwayland                                  2MiB |
|    0   N/A  N/A            2226    C+G   ...rack-uuid=3190708988185955192          7MiB |
|    0   N/A  N/A            3150    C+G   ...rack-uuid=3190708988185955192        147MiB |
|    0   N/A  N/A          362956      G   kitty                                    21MiB |
|    0   N/A  N/A          405792      G   kitty                                    35MiB |
|    0   N/A  N/A          406752      G   kitty                                    51MiB |
|    0   N/A  N/A          423941      C   llama-server                          13526MiB |
|    0   N/A  N/A          424886      G   kitty                                    41MiB |
+-----------------------------------------------------------------------------------------+
---
Mon Sep 14 03:25:28 PM UTC 2026
14640 MiB, 16311 MiB
Mon Sep 14 12:25:28 2026       
+-----------------------------------------------------------------------------------------+
| NVIDIA-SMI 610.57.04              KMD Version: 610.57.04     CUDA UMD Version: 13.3     |
+-----------------------------------------+------------------------+----------------------+
| GPU  Name                 Persistence-M | Bus-Id          Disp.A | Volatile Uncorr. ECC |
| Fan  Temp   Perf          Pwr:Usage/Cap |           Memory-Usage | GPU-Util  Compute M. |
|                                         |                        |               MIG M. |
|=========================================+========================+======================|
|   0  NVIDIA GeForce RTX 5060 Ti     Off |   00000000:01:00.0 Off |                  N/A |
| 55%   59C    P1            180W /  180W |   14640MiB /  16311MiB |     99%      Default |
|                                         |                        |                  N/A |
+-----------------------------------------+------------------------+----------------------+

+-----------------------------------------------------------------------------------------+
| Processes:                                                                              |
|  GPU   GI   CI              PID   Type   Process name                        GPU Memory |
|        ID   ID                                                               Usage      |
|=========================================================================================|
|    0   N/A  N/A            1287      G   Hyprland                                206MiB |
|    0   N/A  N/A            1347      G   quickshell                              240MiB |
|    0   N/A  N/A            1374      G   Xwayland                                  2MiB |
|    0   N/A  N/A            2226    C+G   ...rack-uuid=3190708988185955192          7MiB |
|    0   N/A  N/A            3150    C+G   ...rack-uuid=3190708988185955192        148MiB |
|    0   N/A  N/A          362956      G   kitty                                    21MiB |
|    0   N/A  N/A          405792      G   kitty                                    35MiB |
|    0   N/A  N/A          406752      G   kitty                                    51MiB |
|    0   N/A  N/A          423941      C   llama-server                          13526MiB |
|    0   N/A  N/A          424886      G   kitty                                    41MiB |
+-----------------------------------------------------------------------------------------+
---
Mon Sep 14 03:26:28 PM UTC 2026
14640 MiB, 16311 MiB
Mon Sep 14 12:26:28 2026       
+-----------------------------------------------------------------------------------------+
| NVIDIA-SMI 610.57.04              KMD Version: 610.57.04     CUDA UMD Version: 13.3     |
+-----------------------------------------+------------------------+----------------------+
| GPU  Name                 Persistence-M | Bus-Id          Disp.A | Volatile Uncorr. ECC |
| Fan  Temp   Perf          Pwr:Usage/Cap |           Memory-Usage | GPU-Util  Compute M. |
|                                         |                        |               MIG M. |
|=========================================+========================+======================|
|   0  NVIDIA GeForce RTX 5060 Ti     Off |   00000000:01:00.0 Off |                  N/A |
| 51%   60C    P1            179W /  180W |   14640MiB /  16311MiB |     98%      Default |
|                                         |                        |                  N/A |
+-----------------------------------------+------------------------+----------------------+

+-----------------------------------------------------------------------------------------+
| Processes:                                                                              |
|  GPU   GI   CI              PID   Type   Process name                        GPU Memory |
|        ID   ID                                                               Usage      |
|=========================================================================================|
|    0   N/A  N/A            1287      G   Hyprland                                206MiB |
|    0   N/A  N/A            1347      G   quickshell                              240MiB |
|    0   N/A  N/A            1374      G   Xwayland                                  2MiB |
|    0   N/A  N/A            2226    C+G   ...rack-uuid=3190708988185955192          7MiB |
|    0   N/A  N/A            3150    C+G   ...rack-uuid=3190708988185955192        148MiB |
|    0   N/A  N/A          362956      G   kitty                                    21MiB |
|    0   N/A  N/A          405792      G   kitty                                    35MiB |
|    0   N/A  N/A          406752      G   kitty                                    51MiB |
|    0   N/A  N/A          423941      C   llama-server                          13526MiB |
|    0   N/A  N/A          424886      G   kitty                                    41MiB |
+-----------------------------------------------------------------------------------------+
---
Mon Sep 14 03:27:28 PM UTC 2026
14640 MiB, 16311 MiB
Mon Sep 14 12:27:28 2026       
+-----------------------------------------------------------------------------------------+
| NVIDIA-SMI 610.57.04              KMD Version: 610.57.04     CUDA UMD Version: 13.3     |
+-----------------------------------------+------------------------+----------------------+
| GPU  Name                 Persistence-M | Bus-Id          Disp.A | Volatile Uncorr. ECC |
| Fan  Temp   Perf          Pwr:Usage/Cap |           Memory-Usage | GPU-Util  Compute M. |
|                                         |                        |               MIG M. |
|=========================================+========================+======================|
|   0  NVIDIA GeForce RTX 5060 Ti     Off |   00000000:01:00.0 Off |                  N/A |
| 53%   60C    P1            179W /  180W |   14640MiB /  16311MiB |     98%      Default |
|                                         |                        |                  N/A |
+-----------------------------------------+------------------------+----------------------+

+-----------------------------------------------------------------------------------------+
| Processes:                                                                              |
|  GPU   GI   CI              PID   Type   Process name                        GPU Memory |
|        ID   ID                                                               Usage      |
|=========================================================================================|
|    0   N/A  N/A            1287      G   Hyprland                                206MiB |
|    0   N/A  N/A            1347      G   quickshell                              240MiB |
|    0   N/A  N/A            1374      G   Xwayland                                  2MiB |
|    0   N/A  N/A            2226    C+G   ...rack-uuid=3190708988185955192          7MiB |
|    0   N/A  N/A            3150    C+G   ...rack-uuid=3190708988185955192        148MiB |
|    0   N/A  N/A          362956      G   kitty                                    21MiB |
|    0   N/A  N/A          405792      G   kitty                                    35MiB |
|    0   N/A  N/A          406752      G   kitty                                    51MiB |
|    0   N/A  N/A          423941      C   llama-server                          13526MiB |
|    0   N/A  N/A          424886      G   kitty                                    41MiB |
+-----------------------------------------------------------------------------------------+
---
Mon Sep 14 03:28:28 PM UTC 2026
14640 MiB, 16311 MiB
Mon Sep 14 12:28:28 2026       
+-----------------------------------------------------------------------------------------+
| NVIDIA-SMI 610.57.04              KMD Version: 610.57.04     CUDA UMD Version: 13.3     |
+-----------------------------------------+------------------------+----------------------+
| GPU  Name                 Persistence-M | Bus-Id          Disp.A | Volatile Uncorr. ECC |
| Fan  Temp   Perf          Pwr:Usage/Cap |           Memory-Usage | GPU-Util  Compute M. |
|                                         |                        |               MIG M. |
|=========================================+========================+======================|
|   0  NVIDIA GeForce RTX 5060 Ti     Off |   00000000:01:00.0 Off |                  N/A |
| 54%   60C    P1            180W /  180W |   14640MiB /  16311MiB |     98%      Default |
|                                         |                        |                  N/A |
+-----------------------------------------+------------------------+----------------------+

+-----------------------------------------------------------------------------------------+
| Processes:                                                                              |
|  GPU   GI   CI              PID   Type   Process name                        GPU Memory |
|        ID   ID                                                               Usage      |
|=========================================================================================|
|    0   N/A  N/A            1287      G   Hyprland                                206MiB |
|    0   N/A  N/A            1347      G   quickshell                              240MiB |
|    0   N/A  N/A            1374      G   Xwayland                                  2MiB |
|    0   N/A  N/A            2226    C+G   ...rack-uuid=3190708988185955192          7MiB |
|    0   N/A  N/A            3150    C+G   ...rack-uuid=3190708988185955192        148MiB |
|    0   N/A  N/A          362956      G   kitty                                    21MiB |
|    0   N/A  N/A          405792      G   kitty                                    35MiB |
|    0   N/A  N/A          406752      G   kitty                                    51MiB |
|    0   N/A  N/A          423941      C   llama-server                          13526MiB |
|    0   N/A  N/A          424886      G   kitty                                    41MiB |
+-----------------------------------------------------------------------------------------+
---
Mon Sep 14 03:29:28 PM UTC 2026
14640 MiB, 16311 MiB
Mon Sep 14 12:29:28 2026       
+-----------------------------------------------------------------------------------------+
| NVIDIA-SMI 610.57.04              KMD Version: 610.57.04     CUDA UMD Version: 13.3     |
+-----------------------------------------+------------------------+----------------------+
| GPU  Name                 Persistence-M | Bus-Id          Disp.A | Volatile Uncorr. ECC |
| Fan  Temp   Perf          Pwr:Usage/Cap |           Memory-Usage | GPU-Util  Compute M. |
|                                         |                        |               MIG M. |
|=========================================+========================+======================|
|   0  NVIDIA GeForce RTX 5060 Ti     Off |   00000000:01:00.0 Off |                  N/A |
| 54%   59C    P1            180W /  180W |   14640MiB /  16311MiB |     98%      Default |
|                                         |                        |                  N/A |
+-----------------------------------------+------------------------+----------------------+

+-----------------------------------------------------------------------------------------+
| Processes:                                                                              |
|  GPU   GI   CI              PID   Type   Process name                        GPU Memory |
|        ID   ID                                                               Usage      |
|=========================================================================================|
|    0   N/A  N/A            1287      G   Hyprland                                206MiB |
|    0   N/A  N/A            1347      G   quickshell                              240MiB |
|    0   N/A  N/A            1374      G   Xwayland                                  2MiB |
|    0   N/A  N/A            2226    C+G   ...rack-uuid=3190708988185955192          7MiB |
|    0   N/A  N/A            3150    C+G   ...rack-uuid=3190708988185955192        148MiB |
|    0   N/A  N/A          362956      G   kitty                                    21MiB |
|    0   N/A  N/A          405792      G   kitty                                    35MiB |
|    0   N/A  N/A          406752      G   kitty                                    51MiB |
|    0   N/A  N/A          423941      C   llama-server                          13526MiB |
|    0   N/A  N/A          424886      G   kitty                                    41MiB |
+-----------------------------------------------------------------------------------------+
---
Mon Sep 14 03:30:28 PM UTC 2026
14640 MiB, 16311 MiB
Mon Sep 14 12:30:28 2026       
+-----------------------------------------------------------------------------------------+
| NVIDIA-SMI 610.57.04              KMD Version: 610.57.04     CUDA UMD Version: 13.3     |
+-----------------------------------------+------------------------+----------------------+
| GPU  Name                 Persistence-M | Bus-Id          Disp.A | Volatile Uncorr. ECC |
| Fan  Temp   Perf          Pwr:Usage/Cap |           Memory-Usage | GPU-Util  Compute M. |
|                                         |                        |               MIG M. |
|=========================================+========================+======================|
|   0  NVIDIA GeForce RTX 5060 Ti     Off |   00000000:01:00.0 Off |                  N/A |
| 51%   59C    P1            180W /  180W |   14640MiB /  16311MiB |     98%      Default |
|                                         |                        |                  N/A |
+-----------------------------------------+------------------------+----------------------+

+-----------------------------------------------------------------------------------------+
| Processes:                                                                              |
|  GPU   GI   CI              PID   Type   Process name                        GPU Memory |
|        ID   ID                                                               Usage      |
|=========================================================================================|
|    0   N/A  N/A            1287      G   Hyprland                                206MiB |
|    0   N/A  N/A            1347      G   quickshell                              240MiB |
|    0   N/A  N/A            1374      G   Xwayland                                  2MiB |
|    0   N/A  N/A            2226    C+G   ...rack-uuid=3190708988185955192          7MiB |
|    0   N/A  N/A            3150    C+G   ...rack-uuid=3190708988185955192        148MiB |
|    0   N/A  N/A          362956      G   kitty                                    21MiB |
|    0   N/A  N/A          405792      G   kitty                                    35MiB |
|    0   N/A  N/A          406752      G   kitty                                    51MiB |
|    0   N/A  N/A          423941      C   llama-server                          13526MiB |
|    0   N/A  N/A          424886      G   kitty                                    41MiB |
+-----------------------------------------------------------------------------------------+
---
Mon Sep 14 03:31:28 PM UTC 2026
14640 MiB, 16311 MiB
Mon Sep 14 12:31:28 2026       
+-----------------------------------------------------------------------------------------+
| NVIDIA-SMI 610.57.04              KMD Version: 610.57.04     CUDA UMD Version: 13.3     |
+-----------------------------------------+------------------------+----------------------+
| GPU  Name                 Persistence-M | Bus-Id          Disp.A | Volatile Uncorr. ECC |
| Fan  Temp   Perf          Pwr:Usage/Cap |           Memory-Usage | GPU-Util  Compute M. |
|                                         |                        |               MIG M. |
|=========================================+========================+======================|
|   0  NVIDIA GeForce RTX 5060 Ti     Off |   00000000:01:00.0 Off |                  N/A |
| 53%   60C    P1            180W /  180W |   14640MiB /  16311MiB |     98%      Default |
|                                         |                        |                  N/A |
+-----------------------------------------+------------------------+----------------------+

+-----------------------------------------------------------------------------------------+
| Processes:                                                                              |
|  GPU   GI   CI              PID   Type   Process name                        GPU Memory |
|        ID   ID                                                               Usage      |
|=========================================================================================|
|    0   N/A  N/A            1287      G   Hyprland                                206MiB |
|    0   N/A  N/A            1347      G   quickshell                              240MiB |
|    0   N/A  N/A            1374      G   Xwayland                                  2MiB |
|    0   N/A  N/A            2226    C+G   ...rack-uuid=3190708988185955192          7MiB |
|    0   N/A  N/A            3150    C+G   ...rack-uuid=3190708988185955192        148MiB |
|    0   N/A  N/A          362956      G   kitty                                    21MiB |
|    0   N/A  N/A          405792      G   kitty                                    35MiB |
|    0   N/A  N/A          406752      G   kitty                                    51MiB |
|    0   N/A  N/A          423941      C   llama-server                          13526MiB |
|    0   N/A  N/A          424886      G   kitty                                    41MiB |
+-----------------------------------------------------------------------------------------+
---
Mon Sep 14 03:32:28 PM UTC 2026
14640 MiB, 16311 MiB
Mon Sep 14 12:32:28 2026       
+-----------------------------------------------------------------------------------------+
| NVIDIA-SMI 610.57.04              KMD Version: 610.57.04     CUDA UMD Version: 13.3     |
+-----------------------------------------+------------------------+----------------------+
| GPU  Name                 Persistence-M | Bus-Id          Disp.A | Volatile Uncorr. ECC |
| Fan  Temp   Perf          Pwr:Usage/Cap |           Memory-Usage | GPU-Util  Compute M. |
|                                         |                        |               MIG M. |
|=========================================+========================+======================|
|   0  NVIDIA GeForce RTX 5060 Ti     Off |   00000000:01:00.0 Off |                  N/A |
| 54%   59C    P1            180W /  180W |   14640MiB /  16311MiB |     98%      Default |
|                                         |                        |                  N/A |
+-----------------------------------------+------------------------+----------------------+

+-----------------------------------------------------------------------------------------+
| Processes:                                                                              |
|  GPU   GI   CI              PID   Type   Process name                        GPU Memory |
|        ID   ID                                                               Usage      |
|=========================================================================================|
|    0   N/A  N/A            1287      G   Hyprland                                206MiB |
|    0   N/A  N/A            1347      G   quickshell                              240MiB |
|    0   N/A  N/A            1374      G   Xwayland                                  2MiB |
|    0   N/A  N/A            2226    C+G   ...rack-uuid=3190708988185955192          7MiB |
|    0   N/A  N/A            3150    C+G   ...rack-uuid=3190708988185955192        148MiB |
|    0   N/A  N/A          362956      G   kitty                                    21MiB |
|    0   N/A  N/A          405792      G   kitty                                    35MiB |
|    0   N/A  N/A          406752      G   kitty                                    51MiB |
|    0   N/A  N/A          423941      C   llama-server                          13526MiB |
|    0   N/A  N/A          424886      G   kitty                                    41MiB |
+-----------------------------------------------------------------------------------------+
---
Mon Sep 14 03:33:28 PM UTC 2026
14641 MiB, 16311 MiB
Mon Sep 14 12:33:28 2026       
+-----------------------------------------------------------------------------------------+
| NVIDIA-SMI 610.57.04              KMD Version: 610.57.04     CUDA UMD Version: 13.3     |
+-----------------------------------------+------------------------+----------------------+
| GPU  Name                 Persistence-M | Bus-Id          Disp.A | Volatile Uncorr. ECC |
| Fan  Temp   Perf          Pwr:Usage/Cap |           Memory-Usage | GPU-Util  Compute M. |
|                                         |                        |               MIG M. |
|=========================================+========================+======================|
|   0  NVIDIA GeForce RTX 5060 Ti     Off |   00000000:01:00.0 Off |                  N/A |
| 54%   60C    P1            180W /  180W |   14641MiB /  16311MiB |     98%      Default |
|                                         |                        |                  N/A |
+-----------------------------------------+------------------------+----------------------+

+-----------------------------------------------------------------------------------------+
| Processes:                                                                              |
|  GPU   GI   CI              PID   Type   Process name                        GPU Memory |
|        ID   ID                                                               Usage      |
|=========================================================================================|
|    0   N/A  N/A            1287      G   Hyprland                                206MiB |
|    0   N/A  N/A            1347      G   quickshell                              240MiB |
|    0   N/A  N/A            1374      G   Xwayland                                  2MiB |
|    0   N/A  N/A            2226    C+G   ...rack-uuid=3190708988185955192          7MiB |
|    0   N/A  N/A            3150    C+G   ...rack-uuid=3190708988185955192        149MiB |
|    0   N/A  N/A          362956      G   kitty                                    21MiB |
|    0   N/A  N/A          405792      G   kitty                                    35MiB |
|    0   N/A  N/A          406752      G   kitty                                    51MiB |
|    0   N/A  N/A          423941      C   llama-server                          13526MiB |
|    0   N/A  N/A          424886      G   kitty                                    41MiB |
+-----------------------------------------------------------------------------------------+
---
Mon Sep 14 03:34:28 PM UTC 2026
14641 MiB, 16311 MiB
Mon Sep 14 12:34:28 2026       
+-----------------------------------------------------------------------------------------+
| NVIDIA-SMI 610.57.04              KMD Version: 610.57.04     CUDA UMD Version: 13.3     |
+-----------------------------------------+------------------------+----------------------+
| GPU  Name                 Persistence-M | Bus-Id          Disp.A | Volatile Uncorr. ECC |
| Fan  Temp   Perf          Pwr:Usage/Cap |           Memory-Usage | GPU-Util  Compute M. |
|                                         |                        |               MIG M. |
|=========================================+========================+======================|
|   0  NVIDIA GeForce RTX 5060 Ti     Off |   00000000:01:00.0 Off |                  N/A |
| 52%   60C    P1            179W /  180W |   14641MiB /  16311MiB |     94%      Default |
|                                         |                        |                  N/A |
+-----------------------------------------+------------------------+----------------------+

+-----------------------------------------------------------------------------------------+
| Processes:                                                                              |
|  GPU   GI   CI              PID   Type   Process name                        GPU Memory |
|        ID   ID                                                               Usage      |
|=========================================================================================|
|    0   N/A  N/A            1287      G   Hyprland                                206MiB |
|    0   N/A  N/A            1347      G   quickshell                              240MiB |
|    0   N/A  N/A            1374      G   Xwayland                                  2MiB |
|    0   N/A  N/A            2226    C+G   ...rack-uuid=3190708988185955192          7MiB |
|    0   N/A  N/A            3150    C+G   ...rack-uuid=3190708988185955192        149MiB |
|    0   N/A  N/A          362956      G   kitty                                    21MiB |
|    0   N/A  N/A          405792      G   kitty                                    35MiB |
|    0   N/A  N/A          406752      G   kitty                                    51MiB |
|    0   N/A  N/A          423941      C   llama-server                          13526MiB |
|    0   N/A  N/A          424886      G   kitty                                    41MiB |
+-----------------------------------------------------------------------------------------+
---
Mon Sep 14 03:35:28 PM UTC 2026
14641 MiB, 16311 MiB
Mon Sep 14 12:35:28 2026       
+-----------------------------------------------------------------------------------------+
| NVIDIA-SMI 610.57.04              KMD Version: 610.57.04     CUDA UMD Version: 13.3     |
+-----------------------------------------+------------------------+----------------------+
| GPU  Name                 Persistence-M | Bus-Id          Disp.A | Volatile Uncorr. ECC |
| Fan  Temp   Perf          Pwr:Usage/Cap |           Memory-Usage | GPU-Util  Compute M. |
|                                         |                        |               MIG M. |
|=========================================+========================+======================|
|   0  NVIDIA GeForce RTX 5060 Ti     Off |   00000000:01:00.0 Off |                  N/A |
| 53%   60C    P1            180W /  180W |   14641MiB /  16311MiB |     98%      Default |
|                                         |                        |                  N/A |
+-----------------------------------------+------------------------+----------------------+

+-----------------------------------------------------------------------------------------+
| Processes:                                                                              |
|  GPU   GI   CI              PID   Type   Process name                        GPU Memory |
|        ID   ID                                                               Usage      |
|=========================================================================================|
|    0   N/A  N/A            1287      G   Hyprland                                206MiB |
|    0   N/A  N/A            1347      G   quickshell                              240MiB |
|    0   N/A  N/A            1374      G   Xwayland                                  2MiB |
|    0   N/A  N/A            2226    C+G   ...rack-uuid=3190708988185955192          7MiB |
|    0   N/A  N/A            3150    C+G   ...rack-uuid=3190708988185955192        149MiB |
|    0   N/A  N/A          362956      G   kitty                                    21MiB |
|    0   N/A  N/A          405792      G   kitty                                    35MiB |
|    0   N/A  N/A          406752      G   kitty                                    51MiB |
|    0   N/A  N/A          423941      C   llama-server                          13526MiB |
|    0   N/A  N/A          424886      G   kitty                                    41MiB |
+-----------------------------------------------------------------------------------------+
---
Mon Sep 14 03:36:28 PM UTC 2026
14640 MiB, 16311 MiB
Mon Sep 14 12:36:28 2026       
+-----------------------------------------------------------------------------------------+
| NVIDIA-SMI 610.57.04              KMD Version: 610.57.04     CUDA UMD Version: 13.3     |
+-----------------------------------------+------------------------+----------------------+
| GPU  Name                 Persistence-M | Bus-Id          Disp.A | Volatile Uncorr. ECC |
| Fan  Temp   Perf          Pwr:Usage/Cap |           Memory-Usage | GPU-Util  Compute M. |
|                                         |                        |               MIG M. |
|=========================================+========================+======================|
|   0  NVIDIA GeForce RTX 5060 Ti     Off |   00000000:01:00.0 Off |                  N/A |
| 54%   60C    P1            180W /  180W |   14640MiB /  16311MiB |     98%      Default |
|                                         |                        |                  N/A |
+-----------------------------------------+------------------------+----------------------+

+-----------------------------------------------------------------------------------------+
| Processes:                                                                              |
|  GPU   GI   CI              PID   Type   Process name                        GPU Memory |
|        ID   ID                                                               Usage      |
|=========================================================================================|
|    0   N/A  N/A            1287      G   Hyprland                                206MiB |
|    0   N/A  N/A            1347      G   quickshell                              240MiB |
|    0   N/A  N/A            1374      G   Xwayland                                  2MiB |
|    0   N/A  N/A            2226    C+G   ...rack-uuid=3190708988185955192          7MiB |
|    0   N/A  N/A            3150    C+G   ...rack-uuid=3190708988185955192        148MiB |
|    0   N/A  N/A          362956      G   kitty                                    21MiB |
|    0   N/A  N/A          405792      G   kitty                                    35MiB |
|    0   N/A  N/A          406752      G   kitty                                    51MiB |
|    0   N/A  N/A          423941      C   llama-server                          13526MiB |
|    0   N/A  N/A          424886      G   kitty                                    41MiB |
+-----------------------------------------------------------------------------------------+
---
Mon Sep 14 03:37:28 PM UTC 2026
14640 MiB, 16311 MiB
Mon Sep 14 12:37:28 2026       
+-----------------------------------------------------------------------------------------+
| NVIDIA-SMI 610.57.04              KMD Version: 610.57.04     CUDA UMD Version: 13.3     |
+-----------------------------------------+------------------------+----------------------+
| GPU  Name                 Persistence-M | Bus-Id          Disp.A | Volatile Uncorr. ECC |
| Fan  Temp   Perf          Pwr:Usage/Cap |           Memory-Usage | GPU-Util  Compute M. |
|                                         |                        |               MIG M. |
|=========================================+========================+======================|
|   0  NVIDIA GeForce RTX 5060 Ti     Off |   00000000:01:00.0 Off |                  N/A |
| 54%   62C    P1            176W /  180W |   14640MiB /  16311MiB |    100%      Default |
|                                         |                        |                  N/A |
+-----------------------------------------+------------------------+----------------------+

+-----------------------------------------------------------------------------------------+
| Processes:                                                                              |
|  GPU   GI   CI              PID   Type   Process name                        GPU Memory |
|        ID   ID                                                               Usage      |
|=========================================================================================|
|    0   N/A  N/A            1287      G   Hyprland                                206MiB |
|    0   N/A  N/A            1347      G   quickshell                              240MiB |
|    0   N/A  N/A            1374      G   Xwayland                                  2MiB |
|    0   N/A  N/A            2226    C+G   ...rack-uuid=3190708988185955192          7MiB |
|    0   N/A  N/A            3150    C+G   ...rack-uuid=3190708988185955192        148MiB |
|    0   N/A  N/A          362956      G   kitty                                    21MiB |
|    0   N/A  N/A          405792      G   kitty                                    35MiB |
|    0   N/A  N/A          406752      G   kitty                                    51MiB |
|    0   N/A  N/A          423941      C   llama-server                          13526MiB |
|    0   N/A  N/A          424886      G   kitty                                    41MiB |
+-----------------------------------------------------------------------------------------+
---
Mon Sep 14 03:38:28 PM UTC 2026
14640 MiB, 16311 MiB
Mon Sep 14 12:38:28 2026       
+-----------------------------------------------------------------------------------------+
| NVIDIA-SMI 610.57.04              KMD Version: 610.57.04     CUDA UMD Version: 13.3     |
+-----------------------------------------+------------------------+----------------------+
| GPU  Name                 Persistence-M | Bus-Id          Disp.A | Volatile Uncorr. ECC |
| Fan  Temp   Perf          Pwr:Usage/Cap |           Memory-Usage | GPU-Util  Compute M. |
|                                         |                        |               MIG M. |
|=========================================+========================+======================|
|   0  NVIDIA GeForce RTX 5060 Ti     Off |   00000000:01:00.0 Off |                  N/A |
| 56%   59C    P1            180W /  180W |   14640MiB /  16311MiB |     98%      Default |
|                                         |                        |                  N/A |
+-----------------------------------------+------------------------+----------------------+

+-----------------------------------------------------------------------------------------+
| Processes:                                                                              |
|  GPU   GI   CI              PID   Type   Process name                        GPU Memory |
|        ID   ID                                                               Usage      |
|=========================================================================================|
|    0   N/A  N/A            1287      G   Hyprland                                206MiB |
|    0   N/A  N/A            1347      G   quickshell                              240MiB |
|    0   N/A  N/A            1374      G   Xwayland                                  2MiB |
|    0   N/A  N/A            2226    C+G   ...rack-uuid=3190708988185955192          7MiB |
|    0   N/A  N/A            3150    C+G   ...rack-uuid=3190708988185955192        148MiB |
|    0   N/A  N/A          362956      G   kitty                                    21MiB |
|    0   N/A  N/A          405792      G   kitty                                    35MiB |
|    0   N/A  N/A          406752      G   kitty                                    51MiB |
|    0   N/A  N/A          423941      C   llama-server                          13526MiB |
|    0   N/A  N/A          424886      G   kitty                                    41MiB |
+-----------------------------------------------------------------------------------------+
---
Mon Sep 14 03:39:28 PM UTC 2026
14640 MiB, 16311 MiB
Mon Sep 14 12:39:28 2026       
+-----------------------------------------------------------------------------------------+
| NVIDIA-SMI 610.57.04              KMD Version: 610.57.04     CUDA UMD Version: 13.3     |
+-----------------------------------------+------------------------+----------------------+
| GPU  Name                 Persistence-M | Bus-Id          Disp.A | Volatile Uncorr. ECC |
| Fan  Temp   Perf          Pwr:Usage/Cap |           Memory-Usage | GPU-Util  Compute M. |
|                                         |                        |               MIG M. |
|=========================================+========================+======================|
|   0  NVIDIA GeForce RTX 5060 Ti     Off |   00000000:01:00.0 Off |                  N/A |
| 55%   60C    P1            180W /  180W |   14640MiB /  16311MiB |     98%      Default |
|                                         |                        |                  N/A |
+-----------------------------------------+------------------------+----------------------+

+-----------------------------------------------------------------------------------------+
| Processes:                                                                              |
|  GPU   GI   CI              PID   Type   Process name                        GPU Memory |
|        ID   ID                                                               Usage      |
|=========================================================================================|
|    0   N/A  N/A            1287      G   Hyprland                                206MiB |
|    0   N/A  N/A            1347      G   quickshell                              240MiB |
|    0   N/A  N/A            1374      G   Xwayland                                  2MiB |
|    0   N/A  N/A            2226    C+G   ...rack-uuid=3190708988185955192          7MiB |
|    0   N/A  N/A            3150    C+G   ...rack-uuid=3190708988185955192        148MiB |
|    0   N/A  N/A          362956      G   kitty                                    21MiB |
|    0   N/A  N/A          405792      G   kitty                                    35MiB |
|    0   N/A  N/A          406752      G   kitty                                    51MiB |
|    0   N/A  N/A          423941      C   llama-server                          13526MiB |
|    0   N/A  N/A          424886      G   kitty                                    41MiB |
+-----------------------------------------------------------------------------------------+
---
Mon Sep 14 03:40:28 PM UTC 2026
14640 MiB, 16311 MiB
Mon Sep 14 12:40:28 2026       
+-----------------------------------------------------------------------------------------+
| NVIDIA-SMI 610.57.04              KMD Version: 610.57.04     CUDA UMD Version: 13.3     |
+-----------------------------------------+------------------------+----------------------+
| GPU  Name                 Persistence-M | Bus-Id          Disp.A | Volatile Uncorr. ECC |
| Fan  Temp   Perf          Pwr:Usage/Cap |           Memory-Usage | GPU-Util  Compute M. |
|                                         |                        |               MIG M. |
|=========================================+========================+======================|
|   0  NVIDIA GeForce RTX 5060 Ti     Off |   00000000:01:00.0 Off |                  N/A |
| 57%   59C    P1            182W /  180W |   14640MiB /  16311MiB |     98%      Default |
|                                         |                        |                  N/A |
+-----------------------------------------+------------------------+----------------------+

+-----------------------------------------------------------------------------------------+
| Processes:                                                                              |
|  GPU   GI   CI              PID   Type   Process name                        GPU Memory |
|        ID   ID                                                               Usage      |
|=========================================================================================|
|    0   N/A  N/A            1287      G   Hyprland                                206MiB |
|    0   N/A  N/A            1347      G   quickshell                              240MiB |
|    0   N/A  N/A            1374      G   Xwayland                                  2MiB |
|    0   N/A  N/A            2226    C+G   ...rack-uuid=3190708988185955192          7MiB |
|    0   N/A  N/A            3150    C+G   ...rack-uuid=3190708988185955192        148MiB |
|    0   N/A  N/A          362956      G   kitty                                    21MiB |
|    0   N/A  N/A          405792      G   kitty                                    35MiB |
|    0   N/A  N/A          406752      G   kitty                                    51MiB |
|    0   N/A  N/A          423941      C   llama-server                          13526MiB |
|    0   N/A  N/A          424886      G   kitty                                    41MiB |
+-----------------------------------------------------------------------------------------+
---
Mon Sep 14 03:41:28 PM UTC 2026
14640 MiB, 16311 MiB
Mon Sep 14 12:41:28 2026       
+-----------------------------------------------------------------------------------------+
| NVIDIA-SMI 610.57.04              KMD Version: 610.57.04     CUDA UMD Version: 13.3     |
+-----------------------------------------+------------------------+----------------------+
| GPU  Name                 Persistence-M | Bus-Id          Disp.A | Volatile Uncorr. ECC |
| Fan  Temp   Perf          Pwr:Usage/Cap |           Memory-Usage | GPU-Util  Compute M. |
|                                         |                        |               MIG M. |
|=========================================+========================+======================|
|   0  NVIDIA GeForce RTX 5060 Ti     Off |   00000000:01:00.0 Off |                  N/A |
| 56%   59C    P1            180W /  180W |   14640MiB /  16311MiB |     99%      Default |
|                                         |                        |                  N/A |
+-----------------------------------------+------------------------+----------------------+

+-----------------------------------------------------------------------------------------+
| Processes:                                                                              |
|  GPU   GI   CI              PID   Type   Process name                        GPU Memory |
|        ID   ID                                                               Usage      |
|=========================================================================================|
|    0   N/A  N/A            1287      G   Hyprland                                206MiB |
|    0   N/A  N/A            1347      G   quickshell                              240MiB |
|    0   N/A  N/A            1374      G   Xwayland                                  2MiB |
|    0   N/A  N/A            2226    C+G   ...rack-uuid=3190708988185955192          7MiB |
|    0   N/A  N/A            3150    C+G   ...rack-uuid=3190708988185955192        148MiB |
|    0   N/A  N/A          362956      G   kitty                                    21MiB |
|    0   N/A  N/A          405792      G   kitty                                    35MiB |
|    0   N/A  N/A          406752      G   kitty                                    51MiB |
|    0   N/A  N/A          423941      C   llama-server                          13526MiB |
|    0   N/A  N/A          424886      G   kitty                                    41MiB |
+-----------------------------------------------------------------------------------------+
---
Mon Sep 14 03:42:28 PM UTC 2026
14647 MiB, 16311 MiB
Mon Sep 14 12:42:28 2026       
+-----------------------------------------------------------------------------------------+
| NVIDIA-SMI 610.57.04              KMD Version: 610.57.04     CUDA UMD Version: 13.3     |
+-----------------------------------------+------------------------+----------------------+
| GPU  Name                 Persistence-M | Bus-Id          Disp.A | Volatile Uncorr. ECC |
| Fan  Temp   Perf          Pwr:Usage/Cap |           Memory-Usage | GPU-Util  Compute M. |
|                                         |                        |               MIG M. |
|=========================================+========================+======================|
|   0  NVIDIA GeForce RTX 5060 Ti     Off |   00000000:01:00.0 Off |                  N/A |
| 42%   42C    P1             25W /  180W |   14646MiB /  16311MiB |      0%      Default |
|                                         |                        |                  N/A |
+-----------------------------------------+------------------------+----------------------+

+-----------------------------------------------------------------------------------------+
| Processes:                                                                              |
|  GPU   GI   CI              PID   Type   Process name                        GPU Memory |
|        ID   ID                                                               Usage      |
|=========================================================================================|
|    0   N/A  N/A            1287      G   Hyprland                                250MiB |
|    0   N/A  N/A            1347      G   quickshell                              202MiB |
|    0   N/A  N/A            1374      G   Xwayland                                  2MiB |
|    0   N/A  N/A            2226    C+G   ...rack-uuid=3190708988185955192          7MiB |
|    0   N/A  N/A            3150    C+G   ...rack-uuid=3190708988185955192        147MiB |
|    0   N/A  N/A          362956      G   kitty                                    21MiB |
|    0   N/A  N/A          405792      G   kitty                                    35MiB |
|    0   N/A  N/A          406752      G   kitty                                    51MiB |
|    0   N/A  N/A          423941      C   llama-server                          13526MiB |
|    0   N/A  N/A          424886      G   kitty                                    41MiB |
+-----------------------------------------------------------------------------------------+
---
Mon Sep 14 03:43:29 PM UTC 2026
14646 MiB, 16311 MiB
Mon Sep 14 12:43:29 2026       
+-----------------------------------------------------------------------------------------+
| NVIDIA-SMI 610.57.04              KMD Version: 610.57.04     CUDA UMD Version: 13.3     |
+-----------------------------------------+------------------------+----------------------+
| GPU  Name                 Persistence-M | Bus-Id          Disp.A | Volatile Uncorr. ECC |
| Fan  Temp   Perf          Pwr:Usage/Cap |           Memory-Usage | GPU-Util  Compute M. |
|                                         |                        |               MIG M. |
|=========================================+========================+======================|
|   0  NVIDIA GeForce RTX 5060 Ti     Off |   00000000:01:00.0 Off |                  N/A |
| 49%   60C    P1            180W /  180W |   14646MiB /  16311MiB |     99%      Default |
|                                         |                        |                  N/A |
+-----------------------------------------+------------------------+----------------------+

+-----------------------------------------------------------------------------------------+
| Processes:                                                                              |
|  GPU   GI   CI              PID   Type   Process name                        GPU Memory |
|        ID   ID                                                               Usage      |
|=========================================================================================|
|    0   N/A  N/A            1287      G   Hyprland                                250MiB |
|    0   N/A  N/A            1347      G   quickshell                              202MiB |
|    0   N/A  N/A            1374      G   Xwayland                                  2MiB |
|    0   N/A  N/A            2226    C+G   ...rack-uuid=3190708988185955192          7MiB |
|    0   N/A  N/A            3150    C+G   ...rack-uuid=3190708988185955192        147MiB |
|    0   N/A  N/A          362956      G   kitty                                    21MiB |
|    0   N/A  N/A          405792      G   kitty                                    35MiB |
|    0   N/A  N/A          406752      G   kitty                                    51MiB |
|    0   N/A  N/A          423941      C   llama-server                          13526MiB |
|    0   N/A  N/A          424886      G   kitty                                    41MiB |
+-----------------------------------------------------------------------------------------+
---
Mon Sep 14 03:44:29 PM UTC 2026
14646 MiB, 16311 MiB
Mon Sep 14 12:44:29 2026       
+-----------------------------------------------------------------------------------------+
| NVIDIA-SMI 610.57.04              KMD Version: 610.57.04     CUDA UMD Version: 13.3     |
+-----------------------------------------+------------------------+----------------------+
| GPU  Name                 Persistence-M | Bus-Id          Disp.A | Volatile Uncorr. ECC |
| Fan  Temp   Perf          Pwr:Usage/Cap |           Memory-Usage | GPU-Util  Compute M. |
|                                         |                        |               MIG M. |
|=========================================+========================+======================|
|   0  NVIDIA GeForce RTX 5060 Ti     Off |   00000000:01:00.0 Off |                  N/A |
| 31%   41C    P1             24W /  180W |   14646MiB /  16311MiB |      0%      Default |
|                                         |                        |                  N/A |
+-----------------------------------------+------------------------+----------------------+

+-----------------------------------------------------------------------------------------+
| Processes:                                                                              |
|  GPU   GI   CI              PID   Type   Process name                        GPU Memory |
|        ID   ID                                                               Usage      |
|=========================================================================================|
|    0   N/A  N/A            1287      G   Hyprland                                250MiB |
|    0   N/A  N/A            1347      G   quickshell                              202MiB |
|    0   N/A  N/A            1374      G   Xwayland                                  2MiB |
|    0   N/A  N/A            2226    C+G   ...rack-uuid=3190708988185955192          7MiB |
|    0   N/A  N/A            3150    C+G   ...rack-uuid=3190708988185955192        147MiB |
|    0   N/A  N/A          362956      G   kitty                                    21MiB |
|    0   N/A  N/A          405792      G   kitty                                    35MiB |
|    0   N/A  N/A          406752      G   kitty                                    51MiB |
|    0   N/A  N/A          423941      C   llama-server                          13526MiB |
|    0   N/A  N/A          424886      G   kitty                                    41MiB |
+-----------------------------------------------------------------------------------------+
---
Mon Sep 14 03:45:29 PM UTC 2026
14646 MiB, 16311 MiB
Mon Sep 14 12:45:29 2026       
+-----------------------------------------------------------------------------------------+
| NVIDIA-SMI 610.57.04              KMD Version: 610.57.04     CUDA UMD Version: 13.3     |
+-----------------------------------------+------------------------+----------------------+
| GPU  Name                 Persistence-M | Bus-Id          Disp.A | Volatile Uncorr. ECC |
| Fan  Temp   Perf          Pwr:Usage/Cap |           Memory-Usage | GPU-Util  Compute M. |
|                                         |                        |               MIG M. |
|=========================================+========================+======================|
|   0  NVIDIA GeForce RTX 5060 Ti     Off |   00000000:01:00.0 Off |                  N/A |
| 31%   38C    P8              5W /  180W |   14646MiB /  16311MiB |      0%      Default |
|                                         |                        |                  N/A |
+-----------------------------------------+------------------------+----------------------+

+-----------------------------------------------------------------------------------------+
| Processes:                                                                              |
|  GPU   GI   CI              PID   Type   Process name                        GPU Memory |
|        ID   ID                                                               Usage      |
|=========================================================================================|
|    0   N/A  N/A            1287      G   Hyprland                                250MiB |
|    0   N/A  N/A            1347      G   quickshell                              202MiB |
|    0   N/A  N/A            1374      G   Xwayland                                  2MiB |
|    0   N/A  N/A            2226    C+G   ...rack-uuid=3190708988185955192          7MiB |
|    0   N/A  N/A            3150    C+G   ...rack-uuid=3190708988185955192        147MiB |
|    0   N/A  N/A          362956      G   kitty                                    21MiB |
|    0   N/A  N/A          405792      G   kitty                                    35MiB |
|    0   N/A  N/A          406752      G   kitty                                    51MiB |
|    0   N/A  N/A          423941      C   llama-server                          13526MiB |
|    0   N/A  N/A          424886      G   kitty                                    41MiB |
+-----------------------------------------------------------------------------------------+
---
Mon Sep 14 03:46:29 PM UTC 2026
14646 MiB, 16311 MiB
Mon Sep 14 12:46:29 2026       
+-----------------------------------------------------------------------------------------+
| NVIDIA-SMI 610.57.04              KMD Version: 610.57.04     CUDA UMD Version: 13.3     |
+-----------------------------------------+------------------------+----------------------+
| GPU  Name                 Persistence-M | Bus-Id          Disp.A | Volatile Uncorr. ECC |
| Fan  Temp   Perf          Pwr:Usage/Cap |           Memory-Usage | GPU-Util  Compute M. |
|                                         |                        |               MIG M. |
|=========================================+========================+======================|
|   0  NVIDIA GeForce RTX 5060 Ti     Off |   00000000:01:00.0 Off |                  N/A |
|  0%   38C    P8              5W /  180W |   14646MiB /  16311MiB |      0%      Default |
|                                         |                        |                  N/A |
+-----------------------------------------+------------------------+----------------------+

+-----------------------------------------------------------------------------------------+
| Processes:                                                                              |
|  GPU   GI   CI              PID   Type   Process name                        GPU Memory |
|        ID   ID                                                               Usage      |
|=========================================================================================|
|    0   N/A  N/A            1287      G   Hyprland                                250MiB |
|    0   N/A  N/A            1347      G   quickshell                              202MiB |
|    0   N/A  N/A            1374      G   Xwayland                                  2MiB |
|    0   N/A  N/A            2226    C+G   ...rack-uuid=3190708988185955192          7MiB |
|    0   N/A  N/A            3150    C+G   ...rack-uuid=3190708988185955192        147MiB |
|    0   N/A  N/A          362956      G   kitty                                    21MiB |
|    0   N/A  N/A          405792      G   kitty                                    35MiB |
|    0   N/A  N/A          406752      G   kitty                                    51MiB |
|    0   N/A  N/A          423941      C   llama-server                          13526MiB |
|    0   N/A  N/A          424886      G   kitty                                    41MiB |
+-----------------------------------------------------------------------------------------+
---
Mon Sep 14 03:47:29 PM UTC 2026
14646 MiB, 16311 MiB
Mon Sep 14 12:47:29 2026       
+-----------------------------------------------------------------------------------------+
| NVIDIA-SMI 610.57.04              KMD Version: 610.57.04     CUDA UMD Version: 13.3     |
+-----------------------------------------+------------------------+----------------------+
| GPU  Name                 Persistence-M | Bus-Id          Disp.A | Volatile Uncorr. ECC |
| Fan  Temp   Perf          Pwr:Usage/Cap |           Memory-Usage | GPU-Util  Compute M. |
|                                         |                        |               MIG M. |
|=========================================+========================+======================|
|   0  NVIDIA GeForce RTX 5060 Ti     Off |   00000000:01:00.0 Off |                  N/A |
| 48%   61C    P1            179W /  180W |   14646MiB /  16311MiB |     98%      Default |
|                                         |                        |                  N/A |
+-----------------------------------------+------------------------+----------------------+

+-----------------------------------------------------------------------------------------+
| Processes:                                                                              |
|  GPU   GI   CI              PID   Type   Process name                        GPU Memory |
|        ID   ID                                                               Usage      |
|=========================================================================================|
|    0   N/A  N/A            1287      G   Hyprland                                250MiB |
|    0   N/A  N/A            1347      G   quickshell                              202MiB |
|    0   N/A  N/A            1374      G   Xwayland                                  2MiB |
|    0   N/A  N/A            2226    C+G   ...rack-uuid=3190708988185955192          7MiB |
|    0   N/A  N/A            3150    C+G   ...rack-uuid=3190708988185955192        147MiB |
|    0   N/A  N/A          362956      G   kitty                                    21MiB |
|    0   N/A  N/A          405792      G   kitty                                    35MiB |
|    0   N/A  N/A          406752      G   kitty                                    51MiB |
|    0   N/A  N/A          423941      C   llama-server                          13526MiB |
|    0   N/A  N/A          424886      G   kitty                                    41MiB |
+-----------------------------------------------------------------------------------------+
---
Mon Sep 14 03:48:29 PM UTC 2026
14649 MiB, 16311 MiB
Mon Sep 14 12:48:29 2026       
+-----------------------------------------------------------------------------------------+
| NVIDIA-SMI 610.57.04              KMD Version: 610.57.04     CUDA UMD Version: 13.3     |
+-----------------------------------------+------------------------+----------------------+
| GPU  Name                 Persistence-M | Bus-Id          Disp.A | Volatile Uncorr. ECC |
| Fan  Temp   Perf          Pwr:Usage/Cap |           Memory-Usage | GPU-Util  Compute M. |
|                                         |                        |               MIG M. |
|=========================================+========================+======================|
|   0  NVIDIA GeForce RTX 5060 Ti     Off |   00000000:01:00.0 Off |                  N/A |
| 51%   61C    P1            179W /  180W |   14649MiB /  16311MiB |     97%      Default |
|                                         |                        |                  N/A |
+-----------------------------------------+------------------------+----------------------+

+-----------------------------------------------------------------------------------------+
| Processes:                                                                              |
|  GPU   GI   CI              PID   Type   Process name                        GPU Memory |
|        ID   ID                                                               Usage      |
|=========================================================================================|
|    0   N/A  N/A            1287      G   Hyprland                                250MiB |
|    0   N/A  N/A            1347      G   quickshell                              202MiB |
|    0   N/A  N/A            1374      G   Xwayland                                  2MiB |
|    0   N/A  N/A            2226    C+G   ...rack-uuid=3190708988185955192          7MiB |
|    0   N/A  N/A            3150    C+G   ...rack-uuid=3190708988185955192        150MiB |
|    0   N/A  N/A          362956      G   kitty                                    21MiB |
|    0   N/A  N/A          405792      G   kitty                                    35MiB |
|    0   N/A  N/A          406752      G   kitty                                    51MiB |
|    0   N/A  N/A          423941      C   llama-server                          13526MiB |
|    0   N/A  N/A          424886      G   kitty                                    41MiB |
+-----------------------------------------------------------------------------------------+
---
Mon Sep 14 03:49:29 PM UTC 2026
14649 MiB, 16311 MiB
Mon Sep 14 12:49:29 2026       
+-----------------------------------------------------------------------------------------+
| NVIDIA-SMI 610.57.04              KMD Version: 610.57.04     CUDA UMD Version: 13.3     |
+-----------------------------------------+------------------------+----------------------+
| GPU  Name                 Persistence-M | Bus-Id          Disp.A | Volatile Uncorr. ECC |
| Fan  Temp   Perf          Pwr:Usage/Cap |           Memory-Usage | GPU-Util  Compute M. |
|                                         |                        |               MIG M. |
|=========================================+========================+======================|
|   0  NVIDIA GeForce RTX 5060 Ti     Off |   00000000:01:00.0 Off |                  N/A |
| 53%   60C    P1            179W /  180W |   14649MiB /  16311MiB |     98%      Default |
|                                         |                        |                  N/A |
+-----------------------------------------+------------------------+----------------------+

+-----------------------------------------------------------------------------------------+
| Processes:                                                                              |
|  GPU   GI   CI              PID   Type   Process name                        GPU Memory |
|        ID   ID                                                               Usage      |
|=========================================================================================|
|    0   N/A  N/A            1287      G   Hyprland                                250MiB |
|    0   N/A  N/A            1347      G   quickshell                              202MiB |
|    0   N/A  N/A            1374      G   Xwayland                                  2MiB |
|    0   N/A  N/A            2226    C+G   ...rack-uuid=3190708988185955192          7MiB |
|    0   N/A  N/A            3150    C+G   ...rack-uuid=3190708988185955192        150MiB |
|    0   N/A  N/A          362956      G   kitty                                    21MiB |
|    0   N/A  N/A          405792      G   kitty                                    35MiB |
|    0   N/A  N/A          406752      G   kitty                                    51MiB |
|    0   N/A  N/A          423941      C   llama-server                          13526MiB |
|    0   N/A  N/A          424886      G   kitty                                    41MiB |
+-----------------------------------------------------------------------------------------+
---
Mon Sep 14 03:50:29 PM UTC 2026
14649 MiB, 16311 MiB
Mon Sep 14 12:50:29 2026       
+-----------------------------------------------------------------------------------------+
| NVIDIA-SMI 610.57.04              KMD Version: 610.57.04     CUDA UMD Version: 13.3     |
+-----------------------------------------+------------------------+----------------------+
| GPU  Name                 Persistence-M | Bus-Id          Disp.A | Volatile Uncorr. ECC |
| Fan  Temp   Perf          Pwr:Usage/Cap |           Memory-Usage | GPU-Util  Compute M. |
|                                         |                        |               MIG M. |
|=========================================+========================+======================|
|   0  NVIDIA GeForce RTX 5060 Ti     Off |   00000000:01:00.0 Off |                  N/A |
| 54%   60C    P1            179W /  180W |   14649MiB /  16311MiB |     98%      Default |
|                                         |                        |                  N/A |
+-----------------------------------------+------------------------+----------------------+

+-----------------------------------------------------------------------------------------+
| Processes:                                                                              |
|  GPU   GI   CI              PID   Type   Process name                        GPU Memory |
|        ID   ID                                                               Usage      |
|=========================================================================================|
|    0   N/A  N/A            1287      G   Hyprland                                250MiB |
|    0   N/A  N/A            1347      G   quickshell                              202MiB |
|    0   N/A  N/A            1374      G   Xwayland                                  2MiB |
|    0   N/A  N/A            2226    C+G   ...rack-uuid=3190708988185955192          7MiB |
|    0   N/A  N/A            3150    C+G   ...rack-uuid=3190708988185955192        150MiB |
|    0   N/A  N/A          362956      G   kitty                                    21MiB |
|    0   N/A  N/A          405792      G   kitty                                    35MiB |
|    0   N/A  N/A          406752      G   kitty                                    51MiB |
|    0   N/A  N/A          423941      C   llama-server                          13526MiB |
|    0   N/A  N/A          424886      G   kitty                                    41MiB |
+-----------------------------------------------------------------------------------------+
---
Mon Sep 14 03:51:29 PM UTC 2026
14648 MiB, 16311 MiB
Mon Sep 14 12:51:29 2026       
+-----------------------------------------------------------------------------------------+
| NVIDIA-SMI 610.57.04              KMD Version: 610.57.04     CUDA UMD Version: 13.3     |
+-----------------------------------------+------------------------+----------------------+
| GPU  Name                 Persistence-M | Bus-Id          Disp.A | Volatile Uncorr. ECC |
| Fan  Temp   Perf          Pwr:Usage/Cap |           Memory-Usage | GPU-Util  Compute M. |
|                                         |                        |               MIG M. |
|=========================================+========================+======================|
|   0  NVIDIA GeForce RTX 5060 Ti     Off |   00000000:01:00.0 Off |                  N/A |
| 47%   44C    P1             28W /  180W |   14648MiB /  16311MiB |      0%      Default |
|                                         |                        |                  N/A |
+-----------------------------------------+------------------------+----------------------+

+-----------------------------------------------------------------------------------------+
| Processes:                                                                              |
|  GPU   GI   CI              PID   Type   Process name                        GPU Memory |
|        ID   ID                                                               Usage      |
|=========================================================================================|
|    0   N/A  N/A            1287      G   Hyprland                                250MiB |
|    0   N/A  N/A            1347      G   quickshell                              202MiB |
|    0   N/A  N/A            1374      G   Xwayland                                  2MiB |
|    0   N/A  N/A            2226    C+G   ...rack-uuid=3190708988185955192          7MiB |
|    0   N/A  N/A            3150    C+G   ...rack-uuid=3190708988185955192        150MiB |
|    0   N/A  N/A          362956      G   kitty                                    21MiB |
|    0   N/A  N/A          405792      G   kitty                                    35MiB |
|    0   N/A  N/A          406752      G   kitty                                    51MiB |
|    0   N/A  N/A          423941      C   llama-server                          13526MiB |
|    0   N/A  N/A          424886      G   kitty                                    41MiB |
+-----------------------------------------------------------------------------------------+
---
Mon Sep 14 03:52:29 PM UTC 2026
14648 MiB, 16311 MiB
Mon Sep 14 12:52:29 2026       
+-----------------------------------------------------------------------------------------+
| NVIDIA-SMI 610.57.04              KMD Version: 610.57.04     CUDA UMD Version: 13.3     |
+-----------------------------------------+------------------------+----------------------+
| GPU  Name                 Persistence-M | Bus-Id          Disp.A | Volatile Uncorr. ECC |
| Fan  Temp   Perf          Pwr:Usage/Cap |           Memory-Usage | GPU-Util  Compute M. |
|                                         |                        |               MIG M. |
|=========================================+========================+======================|
|   0  NVIDIA GeForce RTX 5060 Ti     Off |   00000000:01:00.0 Off |                  N/A |
| 31%   37C    P8              5W /  180W |   14648MiB /  16311MiB |      0%      Default |
|                                         |                        |                  N/A |
+-----------------------------------------+------------------------+----------------------+

+-----------------------------------------------------------------------------------------+
| Processes:                                                                              |
|  GPU   GI   CI              PID   Type   Process name                        GPU Memory |
|        ID   ID                                                               Usage      |
|=========================================================================================|
|    0   N/A  N/A            1287      G   Hyprland                                250MiB |
|    0   N/A  N/A            1347      G   quickshell                              202MiB |
|    0   N/A  N/A            1374      G   Xwayland                                  2MiB |
|    0   N/A  N/A            2226    C+G   ...rack-uuid=3190708988185955192          7MiB |
|    0   N/A  N/A            3150    C+G   ...rack-uuid=3190708988185955192        150MiB |
|    0   N/A  N/A          362956      G   kitty                                    21MiB |
|    0   N/A  N/A          405792      G   kitty                                    35MiB |
|    0   N/A  N/A          406752      G   kitty                                    51MiB |
|    0   N/A  N/A          423941      C   llama-server                          13526MiB |
|    0   N/A  N/A          424886      G   kitty                                    41MiB |
+-----------------------------------------------------------------------------------------+
---
Mon Sep 14 03:53:29 PM UTC 2026
14653 MiB, 16311 MiB
Mon Sep 14 12:53:29 2026       
+-----------------------------------------------------------------------------------------+
| NVIDIA-SMI 610.57.04              KMD Version: 610.57.04     CUDA UMD Version: 13.3     |
+-----------------------------------------+------------------------+----------------------+
| GPU  Name                 Persistence-M | Bus-Id          Disp.A | Volatile Uncorr. ECC |
| Fan  Temp   Perf          Pwr:Usage/Cap |           Memory-Usage | GPU-Util  Compute M. |
|                                         |                        |               MIG M. |
|=========================================+========================+======================|
|   0  NVIDIA GeForce RTX 5060 Ti     Off |   00000000:01:00.0 Off |                  N/A |
| 48%   61C    P1            179W /  180W |   14653MiB /  16311MiB |     98%      Default |
|                                         |                        |                  N/A |
+-----------------------------------------+------------------------+----------------------+

+-----------------------------------------------------------------------------------------+
| Processes:                                                                              |
|  GPU   GI   CI              PID   Type   Process name                        GPU Memory |
|        ID   ID                                                               Usage      |
|=========================================================================================|
|    0   N/A  N/A            1287      G   Hyprland                                250MiB |
|    0   N/A  N/A            1347      G   quickshell                              202MiB |
|    0   N/A  N/A            1374      G   Xwayland                                  2MiB |
|    0   N/A  N/A            2226    C+G   ...rack-uuid=3190708988185955192          7MiB |
|    0   N/A  N/A            3150    C+G   ...rack-uuid=3190708988185955192        155MiB |
|    0   N/A  N/A          362956      G   kitty                                    21MiB |
|    0   N/A  N/A          405792      G   kitty                                    35MiB |
|    0   N/A  N/A          406752      G   kitty                                    51MiB |
|    0   N/A  N/A          423941      C   llama-server                          13526MiB |
|    0   N/A  N/A          424886      G   kitty                                    41MiB |
+-----------------------------------------------------------------------------------------+
---
Mon Sep 14 03:54:29 PM UTC 2026
14653 MiB, 16311 MiB
Mon Sep 14 12:54:29 2026       
+-----------------------------------------------------------------------------------------+
| NVIDIA-SMI 610.57.04              KMD Version: 610.57.04     CUDA UMD Version: 13.3     |
+-----------------------------------------+------------------------+----------------------+
| GPU  Name                 Persistence-M | Bus-Id          Disp.A | Volatile Uncorr. ECC |
| Fan  Temp   Perf          Pwr:Usage/Cap |           Memory-Usage | GPU-Util  Compute M. |
|                                         |                        |               MIG M. |
|=========================================+========================+======================|
|   0  NVIDIA GeForce RTX 5060 Ti     Off |   00000000:01:00.0 Off |                  N/A |
| 51%   60C    P1            180W /  180W |   14653MiB /  16311MiB |     98%      Default |
|                                         |                        |                  N/A |
+-----------------------------------------+------------------------+----------------------+

+-----------------------------------------------------------------------------------------+
| Processes:                                                                              |
|  GPU   GI   CI              PID   Type   Process name                        GPU Memory |
|        ID   ID                                                               Usage      |
|=========================================================================================|
|    0   N/A  N/A            1287      G   Hyprland                                250MiB |
|    0   N/A  N/A            1347      G   quickshell                              202MiB |
|    0   N/A  N/A            1374      G   Xwayland                                  2MiB |
|    0   N/A  N/A            2226    C+G   ...rack-uuid=3190708988185955192          7MiB |
|    0   N/A  N/A            3150    C+G   ...rack-uuid=3190708988185955192        155MiB |
|    0   N/A  N/A          362956      G   kitty                                    21MiB |
|    0   N/A  N/A          405792      G   kitty                                    35MiB |
|    0   N/A  N/A          406752      G   kitty                                    51MiB |
|    0   N/A  N/A          423941      C   llama-server                          13526MiB |
|    0   N/A  N/A          424886      G   kitty                                    41MiB |
+-----------------------------------------------------------------------------------------+
---
Mon Sep 14 03:55:29 PM UTC 2026
14650 MiB, 16311 MiB
Mon Sep 14 12:55:29 2026       
+-----------------------------------------------------------------------------------------+
| NVIDIA-SMI 610.57.04              KMD Version: 610.57.04     CUDA UMD Version: 13.3     |
+-----------------------------------------+------------------------+----------------------+
| GPU  Name                 Persistence-M | Bus-Id          Disp.A | Volatile Uncorr. ECC |
| Fan  Temp   Perf          Pwr:Usage/Cap |           Memory-Usage | GPU-Util  Compute M. |
|                                         |                        |               MIG M. |
|=========================================+========================+======================|
|   0  NVIDIA GeForce RTX 5060 Ti     Off |   00000000:01:00.0 Off |                  N/A |
| 55%   61C    P1            177W /  180W |   14650MiB /  16311MiB |    100%      Default |
|                                         |                        |                  N/A |
+-----------------------------------------+------------------------+----------------------+

+-----------------------------------------------------------------------------------------+
| Processes:                                                                              |
|  GPU   GI   CI              PID   Type   Process name                        GPU Memory |
|        ID   ID                                                               Usage      |
|=========================================================================================|
|    0   N/A  N/A            1287      G   Hyprland                                250MiB |
|    0   N/A  N/A            1347      G   quickshell                              202MiB |
|    0   N/A  N/A            1374      G   Xwayland                                  2MiB |
|    0   N/A  N/A            2226    C+G   ...rack-uuid=3190708988185955192          7MiB |
|    0   N/A  N/A            3150    C+G   ...rack-uuid=3190708988185955192        151MiB |
|    0   N/A  N/A          362956      G   kitty                                    21MiB |
|    0   N/A  N/A          405792      G   kitty                                    35MiB |
|    0   N/A  N/A          406752      G   kitty                                    51MiB |
|    0   N/A  N/A          423941      C   llama-server                          13526MiB |
|    0   N/A  N/A          424886      G   kitty                                    41MiB |
+-----------------------------------------------------------------------------------------+
---
Mon Sep 14 03:56:29 PM UTC 2026
14651 MiB, 16311 MiB
Mon Sep 14 12:56:29 2026       
+-----------------------------------------------------------------------------------------+
| NVIDIA-SMI 610.57.04              KMD Version: 610.57.04     CUDA UMD Version: 13.3     |
+-----------------------------------------+------------------------+----------------------+
| GPU  Name                 Persistence-M | Bus-Id          Disp.A | Volatile Uncorr. ECC |
| Fan  Temp   Perf          Pwr:Usage/Cap |           Memory-Usage | GPU-Util  Compute M. |
|                                         |                        |               MIG M. |
|=========================================+========================+======================|
|   0  NVIDIA GeForce RTX 5060 Ti     Off |   00000000:01:00.0 Off |                  N/A |
| 56%   59C    P1            180W /  180W |   14651MiB /  16311MiB |     98%      Default |
|                                         |                        |                  N/A |
+-----------------------------------------+------------------------+----------------------+

+-----------------------------------------------------------------------------------------+
| Processes:                                                                              |
|  GPU   GI   CI              PID   Type   Process name                        GPU Memory |
|        ID   ID                                                               Usage      |
|=========================================================================================|
|    0   N/A  N/A            1287      G   Hyprland                                250MiB |
|    0   N/A  N/A            1347      G   quickshell                              202MiB |
|    0   N/A  N/A            1374      G   Xwayland                                  2MiB |
|    0   N/A  N/A            2226    C+G   ...rack-uuid=3190708988185955192          7MiB |
|    0   N/A  N/A            3150    C+G   ...rack-uuid=3190708988185955192        152MiB |
|    0   N/A  N/A          362956      G   kitty                                    21MiB |
|    0   N/A  N/A          405792      G   kitty                                    35MiB |
|    0   N/A  N/A          406752      G   kitty                                    51MiB |
|    0   N/A  N/A          423941      C   llama-server                          13526MiB |
|    0   N/A  N/A          424886      G   kitty                                    41MiB |
+-----------------------------------------------------------------------------------------+
---
Mon Sep 14 03:57:29 PM UTC 2026
14651 MiB, 16311 MiB
Mon Sep 14 12:57:29 2026       
+-----------------------------------------------------------------------------------------+
| NVIDIA-SMI 610.57.04              KMD Version: 610.57.04     CUDA UMD Version: 13.3     |
+-----------------------------------------+------------------------+----------------------+
| GPU  Name                 Persistence-M | Bus-Id          Disp.A | Volatile Uncorr. ECC |
| Fan  Temp   Perf          Pwr:Usage/Cap |           Memory-Usage | GPU-Util  Compute M. |
|                                         |                        |               MIG M. |
|=========================================+========================+======================|
|   0  NVIDIA GeForce RTX 5060 Ti     Off |   00000000:01:00.0 Off |                  N/A |
| 54%   59C    P1            180W /  180W |   14651MiB /  16311MiB |     99%      Default |
|                                         |                        |                  N/A |
+-----------------------------------------+------------------------+----------------------+

+-----------------------------------------------------------------------------------------+
| Processes:                                                                              |
|  GPU   GI   CI              PID   Type   Process name                        GPU Memory |
|        ID   ID                                                               Usage      |
|=========================================================================================|
|    0   N/A  N/A            1287      G   Hyprland                                250MiB |
|    0   N/A  N/A            1347      G   quickshell                              202MiB |
|    0   N/A  N/A            1374      G   Xwayland                                  2MiB |
|    0   N/A  N/A            2226    C+G   ...rack-uuid=3190708988185955192          7MiB |
|    0   N/A  N/A            3150    C+G   ...rack-uuid=3190708988185955192        152MiB |
|    0   N/A  N/A          362956      G   kitty                                    21MiB |
|    0   N/A  N/A          405792      G   kitty                                    35MiB |
|    0   N/A  N/A          406752      G   kitty                                    51MiB |
|    0   N/A  N/A          423941      C   llama-server                          13526MiB |
|    0   N/A  N/A          424886      G   kitty                                    41MiB |
+-----------------------------------------------------------------------------------------+
---
Mon Sep 14 03:58:29 PM UTC 2026
14651 MiB, 16311 MiB
Mon Sep 14 12:58:29 2026       
+-----------------------------------------------------------------------------------------+
| NVIDIA-SMI 610.57.04              KMD Version: 610.57.04     CUDA UMD Version: 13.3     |
+-----------------------------------------+------------------------+----------------------+
| GPU  Name                 Persistence-M | Bus-Id          Disp.A | Volatile Uncorr. ECC |
| Fan  Temp   Perf          Pwr:Usage/Cap |           Memory-Usage | GPU-Util  Compute M. |
|                                         |                        |               MIG M. |
|=========================================+========================+======================|
|   0  NVIDIA GeForce RTX 5060 Ti     Off |   00000000:01:00.0 Off |                  N/A |
| 54%   60C    P1            180W /  180W |   14651MiB /  16311MiB |     98%      Default |
|                                         |                        |                  N/A |
+-----------------------------------------+------------------------+----------------------+

+-----------------------------------------------------------------------------------------+
| Processes:                                                                              |
|  GPU   GI   CI              PID   Type   Process name                        GPU Memory |
|        ID   ID                                                               Usage      |
|=========================================================================================|
|    0   N/A  N/A            1287      G   Hyprland                                250MiB |
|    0   N/A  N/A            1347      G   quickshell                              202MiB |
|    0   N/A  N/A            1374      G   Xwayland                                  2MiB |
|    0   N/A  N/A            2226    C+G   ...rack-uuid=3190708988185955192          7MiB |
|    0   N/A  N/A            3150    C+G   ...rack-uuid=3190708988185955192        152MiB |
|    0   N/A  N/A          362956      G   kitty                                    21MiB |
|    0   N/A  N/A          405792      G   kitty                                    35MiB |
|    0   N/A  N/A          406752      G   kitty                                    51MiB |
|    0   N/A  N/A          423941      C   llama-server                          13526MiB |
|    0   N/A  N/A          424886      G   kitty                                    41MiB |
+-----------------------------------------------------------------------------------------+
---
Mon Sep 14 03:59:30 PM UTC 2026
14651 MiB, 16311 MiB
Mon Sep 14 12:59:30 2026       
+-----------------------------------------------------------------------------------------+
| NVIDIA-SMI 610.57.04              KMD Version: 610.57.04     CUDA UMD Version: 13.3     |
+-----------------------------------------+------------------------+----------------------+
| GPU  Name                 Persistence-M | Bus-Id          Disp.A | Volatile Uncorr. ECC |
| Fan  Temp   Perf          Pwr:Usage/Cap |           Memory-Usage | GPU-Util  Compute M. |
|                                         |                        |               MIG M. |
|=========================================+========================+======================|
|   0  NVIDIA GeForce RTX 5060 Ti     Off |   00000000:01:00.0 Off |                  N/A |
| 53%   60C    P1            180W /  180W |   14651MiB /  16311MiB |     99%      Default |
|                                         |                        |                  N/A |
+-----------------------------------------+------------------------+----------------------+

+-----------------------------------------------------------------------------------------+
| Processes:                                                                              |
|  GPU   GI   CI              PID   Type   Process name                        GPU Memory |
|        ID   ID                                                               Usage      |
|=========================================================================================|
|    0   N/A  N/A            1287      G   Hyprland                                250MiB |
|    0   N/A  N/A            1347      G   quickshell                              202MiB |
|    0   N/A  N/A            1374      G   Xwayland                                  2MiB |
|    0   N/A  N/A            2226    C+G   ...rack-uuid=3190708988185955192          7MiB |
|    0   N/A  N/A            3150    C+G   ...rack-uuid=3190708988185955192        152MiB |
|    0   N/A  N/A          362956      G   kitty                                    21MiB |
|    0   N/A  N/A          405792      G   kitty                                    35MiB |
|    0   N/A  N/A          406752      G   kitty                                    51MiB |
|    0   N/A  N/A          423941      C   llama-server                          13526MiB |
|    0   N/A  N/A          424886      G   kitty                                    41MiB |
+-----------------------------------------------------------------------------------------+
---
Mon Sep 14 04:00:30 PM UTC 2026
14651 MiB, 16311 MiB
Mon Sep 14 13:00:30 2026       
+-----------------------------------------------------------------------------------------+
| NVIDIA-SMI 610.57.04              KMD Version: 610.57.04     CUDA UMD Version: 13.3     |
+-----------------------------------------+------------------------+----------------------+
| GPU  Name                 Persistence-M | Bus-Id          Disp.A | Volatile Uncorr. ECC |
| Fan  Temp   Perf          Pwr:Usage/Cap |           Memory-Usage | GPU-Util  Compute M. |
|                                         |                        |               MIG M. |
|=========================================+========================+======================|
|   0  NVIDIA GeForce RTX 5060 Ti     Off |   00000000:01:00.0 Off |                  N/A |
| 53%   58C    P1            179W /  180W |   14651MiB /  16311MiB |     98%      Default |
|                                         |                        |                  N/A |
+-----------------------------------------+------------------------+----------------------+

+-----------------------------------------------------------------------------------------+
| Processes:                                                                              |
|  GPU   GI   CI              PID   Type   Process name                        GPU Memory |
|        ID   ID                                                               Usage      |
|=========================================================================================|
|    0   N/A  N/A            1287      G   Hyprland                                250MiB |
|    0   N/A  N/A            1347      G   quickshell                              202MiB |
|    0   N/A  N/A            1374      G   Xwayland                                  2MiB |
|    0   N/A  N/A            2226    C+G   ...rack-uuid=3190708988185955192          7MiB |
|    0   N/A  N/A            3150    C+G   ...rack-uuid=3190708988185955192        152MiB |
|    0   N/A  N/A          362956      G   kitty                                    21MiB |
|    0   N/A  N/A          405792      G   kitty                                    35MiB |
|    0   N/A  N/A          406752      G   kitty                                    51MiB |
|    0   N/A  N/A          423941      C   llama-server                          13526MiB |
|    0   N/A  N/A          424886      G   kitty                                    41MiB |
+-----------------------------------------------------------------------------------------+
---
Mon Sep 14 04:01:30 PM UTC 2026
14651 MiB, 16311 MiB
Mon Sep 14 13:01:30 2026       
+-----------------------------------------------------------------------------------------+
| NVIDIA-SMI 610.57.04              KMD Version: 610.57.04     CUDA UMD Version: 13.3     |
+-----------------------------------------+------------------------+----------------------+
| GPU  Name                 Persistence-M | Bus-Id          Disp.A | Volatile Uncorr. ECC |
| Fan  Temp   Perf          Pwr:Usage/Cap |           Memory-Usage | GPU-Util  Compute M. |
|                                         |                        |               MIG M. |
|=========================================+========================+======================|
|   0  NVIDIA GeForce RTX 5060 Ti     Off |   00000000:01:00.0 Off |                  N/A |
| 53%   59C    P1            180W /  180W |   14651MiB /  16311MiB |     98%      Default |
|                                         |                        |                  N/A |
+-----------------------------------------+------------------------+----------------------+

+-----------------------------------------------------------------------------------------+
| Processes:                                                                              |
|  GPU   GI   CI              PID   Type   Process name                        GPU Memory |
|        ID   ID                                                               Usage      |
|=========================================================================================|
|    0   N/A  N/A            1287      G   Hyprland                                250MiB |
|    0   N/A  N/A            1347      G   quickshell                              202MiB |
|    0   N/A  N/A            1374      G   Xwayland                                  2MiB |
|    0   N/A  N/A            2226    C+G   ...rack-uuid=3190708988185955192          7MiB |
|    0   N/A  N/A            3150    C+G   ...rack-uuid=3190708988185955192        152MiB |
|    0   N/A  N/A          362956      G   kitty                                    21MiB |
|    0   N/A  N/A          405792      G   kitty                                    35MiB |
|    0   N/A  N/A          406752      G   kitty                                    51MiB |
|    0   N/A  N/A          423941      C   llama-server                          13526MiB |
|    0   N/A  N/A          424886      G   kitty                                    41MiB |
+-----------------------------------------------------------------------------------------+
---
Mon Sep 14 04:02:30 PM UTC 2026
14636 MiB, 16311 MiB
Mon Sep 14 13:02:30 2026       
+-----------------------------------------------------------------------------------------+
| NVIDIA-SMI 610.57.04              KMD Version: 610.57.04     CUDA UMD Version: 13.3     |
+-----------------------------------------+------------------------+----------------------+
| GPU  Name                 Persistence-M | Bus-Id          Disp.A | Volatile Uncorr. ECC |
| Fan  Temp   Perf          Pwr:Usage/Cap |           Memory-Usage | GPU-Util  Compute M. |
|                                         |                        |               MIG M. |
|=========================================+========================+======================|
|   0  NVIDIA GeForce RTX 5060 Ti     Off |   00000000:01:00.0 Off |                  N/A |
| 53%   60C    P1            180W /  180W |   14636MiB /  16311MiB |     99%      Default |
|                                         |                        |                  N/A |
+-----------------------------------------+------------------------+----------------------+

+-----------------------------------------------------------------------------------------+
| Processes:                                                                              |
|  GPU   GI   CI              PID   Type   Process name                        GPU Memory |
|        ID   ID                                                               Usage      |
|=========================================================================================|
|    0   N/A  N/A            1287      G   Hyprland                                294MiB |
|    0   N/A  N/A            1347      G   quickshell                              144MiB |
|    0   N/A  N/A            1374      G   Xwayland                                  2MiB |
|    0   N/A  N/A            2226    C+G   ...rack-uuid=3190708988185955192          7MiB |
|    0   N/A  N/A            3150    C+G   ...rack-uuid=3190708988185955192        152MiB |
|    0   N/A  N/A          362956      G   kitty                                    21MiB |
|    0   N/A  N/A          405792      G   kitty                                    35MiB |
|    0   N/A  N/A          406752      G   kitty                                    51MiB |
|    0   N/A  N/A          423941      C   llama-server                          13526MiB |
|    0   N/A  N/A          424886      G   kitty                                    41MiB |
+-----------------------------------------------------------------------------------------+
---
Mon Sep 14 04:03:30 PM UTC 2026
14636 MiB, 16311 MiB
Mon Sep 14 13:03:30 2026       
+-----------------------------------------------------------------------------------------+
| NVIDIA-SMI 610.57.04              KMD Version: 610.57.04     CUDA UMD Version: 13.3     |
+-----------------------------------------+------------------------+----------------------+
| GPU  Name                 Persistence-M | Bus-Id          Disp.A | Volatile Uncorr. ECC |
| Fan  Temp   Perf          Pwr:Usage/Cap |           Memory-Usage | GPU-Util  Compute M. |
|                                         |                        |               MIG M. |
|=========================================+========================+======================|
|   0  NVIDIA GeForce RTX 5060 Ti     Off |   00000000:01:00.0 Off |                  N/A |
| 53%   60C    P1            179W /  180W |   14636MiB /  16311MiB |     98%      Default |
|                                         |                        |                  N/A |
+-----------------------------------------+------------------------+----------------------+

+-----------------------------------------------------------------------------------------+
| Processes:                                                                              |
|  GPU   GI   CI              PID   Type   Process name                        GPU Memory |
|        ID   ID                                                               Usage      |
|=========================================================================================|
|    0   N/A  N/A            1287      G   Hyprland                                294MiB |
|    0   N/A  N/A            1347      G   quickshell                              144MiB |
|    0   N/A  N/A            1374      G   Xwayland                                  2MiB |
|    0   N/A  N/A            2226    C+G   ...rack-uuid=3190708988185955192          7MiB |
|    0   N/A  N/A            3150    C+G   ...rack-uuid=3190708988185955192        152MiB |
|    0   N/A  N/A          362956      G   kitty                                    21MiB |
|    0   N/A  N/A          405792      G   kitty                                    35MiB |
|    0   N/A  N/A          406752      G   kitty                                    51MiB |
|    0   N/A  N/A          423941      C   llama-server                          13526MiB |
|    0   N/A  N/A          424886      G   kitty                                    41MiB |
+-----------------------------------------------------------------------------------------+
---
Mon Sep 14 04:04:30 PM UTC 2026
14636 MiB, 16311 MiB
Mon Sep 14 13:04:30 2026       
+-----------------------------------------------------------------------------------------+
| NVIDIA-SMI 610.57.04              KMD Version: 610.57.04     CUDA UMD Version: 13.3     |
+-----------------------------------------+------------------------+----------------------+
| GPU  Name                 Persistence-M | Bus-Id          Disp.A | Volatile Uncorr. ECC |
| Fan  Temp   Perf          Pwr:Usage/Cap |           Memory-Usage | GPU-Util  Compute M. |
|                                         |                        |               MIG M. |
|=========================================+========================+======================|
|   0  NVIDIA GeForce RTX 5060 Ti     Off |   00000000:01:00.0 Off |                  N/A |
| 53%   62C    P1            174W /  180W |   14636MiB /  16311MiB |    100%      Default |
|                                         |                        |                  N/A |
+-----------------------------------------+------------------------+----------------------+

+-----------------------------------------------------------------------------------------+
| Processes:                                                                              |
|  GPU   GI   CI              PID   Type   Process name                        GPU Memory |
|        ID   ID                                                               Usage      |
|=========================================================================================|
|    0   N/A  N/A            1287      G   Hyprland                                294MiB |
|    0   N/A  N/A            1347      G   quickshell                              144MiB |
|    0   N/A  N/A            1374      G   Xwayland                                  2MiB |
|    0   N/A  N/A            2226    C+G   ...rack-uuid=3190708988185955192          7MiB |
|    0   N/A  N/A            3150    C+G   ...rack-uuid=3190708988185955192        152MiB |
|    0   N/A  N/A          362956      G   kitty                                    21MiB |
|    0   N/A  N/A          405792      G   kitty                                    35MiB |
|    0   N/A  N/A          406752      G   kitty                                    51MiB |
|    0   N/A  N/A          423941      C   llama-server                          13526MiB |
|    0   N/A  N/A          424886      G   kitty                                    41MiB |
+-----------------------------------------------------------------------------------------+
---
Mon Sep 14 04:05:30 PM UTC 2026
14636 MiB, 16311 MiB
Mon Sep 14 13:05:30 2026       
+-----------------------------------------------------------------------------------------+
| NVIDIA-SMI 610.57.04              KMD Version: 610.57.04     CUDA UMD Version: 13.3     |
+-----------------------------------------+------------------------+----------------------+
| GPU  Name                 Persistence-M | Bus-Id          Disp.A | Volatile Uncorr. ECC |
| Fan  Temp   Perf          Pwr:Usage/Cap |           Memory-Usage | GPU-Util  Compute M. |
|                                         |                        |               MIG M. |
|=========================================+========================+======================|
|   0  NVIDIA GeForce RTX 5060 Ti     Off |   00000000:01:00.0 Off |                  N/A |
| 53%   59C    P1            180W /  180W |   14636MiB /  16311MiB |     97%      Default |
|                                         |                        |                  N/A |
+-----------------------------------------+------------------------+----------------------+

+-----------------------------------------------------------------------------------------+
| Processes:                                                                              |
|  GPU   GI   CI              PID   Type   Process name                        GPU Memory |
|        ID   ID                                                               Usage      |
|=========================================================================================|
|    0   N/A  N/A            1287      G   Hyprland                                294MiB |
|    0   N/A  N/A            1347      G   quickshell                              144MiB |
|    0   N/A  N/A            1374      G   Xwayland                                  2MiB |
|    0   N/A  N/A            2226    C+G   ...rack-uuid=3190708988185955192          7MiB |
|    0   N/A  N/A            3150    C+G   ...rack-uuid=3190708988185955192        152MiB |
|    0   N/A  N/A          362956      G   kitty                                    21MiB |
|    0   N/A  N/A          405792      G   kitty                                    35MiB |
|    0   N/A  N/A          406752      G   kitty                                    51MiB |
|    0   N/A  N/A          423941      C   llama-server                          13526MiB |
|    0   N/A  N/A          424886      G   kitty                                    41MiB |
+-----------------------------------------------------------------------------------------+
---
Mon Sep 14 04:06:30 PM UTC 2026
14636 MiB, 16311 MiB
Mon Sep 14 13:06:30 2026       
+-----------------------------------------------------------------------------------------+
| NVIDIA-SMI 610.57.04              KMD Version: 610.57.04     CUDA UMD Version: 13.3     |
+-----------------------------------------+------------------------+----------------------+
| GPU  Name                 Persistence-M | Bus-Id          Disp.A | Volatile Uncorr. ECC |
| Fan  Temp   Perf          Pwr:Usage/Cap |           Memory-Usage | GPU-Util  Compute M. |
|                                         |                        |               MIG M. |
|=========================================+========================+======================|
|   0  NVIDIA GeForce RTX 5060 Ti     Off |   00000000:01:00.0 Off |                  N/A |
| 53%   60C    P1            180W /  180W |   14636MiB /  16311MiB |     99%      Default |
|                                         |                        |                  N/A |
+-----------------------------------------+------------------------+----------------------+

+-----------------------------------------------------------------------------------------+
| Processes:                                                                              |
|  GPU   GI   CI              PID   Type   Process name                        GPU Memory |
|        ID   ID                                                               Usage      |
|=========================================================================================|
|    0   N/A  N/A            1287      G   Hyprland                                294MiB |
|    0   N/A  N/A            1347      G   quickshell                              144MiB |
|    0   N/A  N/A            1374      G   Xwayland                                  2MiB |
|    0   N/A  N/A            2226    C+G   ...rack-uuid=3190708988185955192          7MiB |
|    0   N/A  N/A            3150    C+G   ...rack-uuid=3190708988185955192        152MiB |
|    0   N/A  N/A          362956      G   kitty                                    21MiB |
|    0   N/A  N/A          405792      G   kitty                                    35MiB |
|    0   N/A  N/A          406752      G   kitty                                    51MiB |
|    0   N/A  N/A          423941      C   llama-server                          13526MiB |
|    0   N/A  N/A          424886      G   kitty                                    41MiB |
+-----------------------------------------------------------------------------------------+
---
Mon Sep 14 04:07:30 PM UTC 2026
14629 MiB, 16311 MiB
Mon Sep 14 13:07:30 2026       
+-----------------------------------------------------------------------------------------+
| NVIDIA-SMI 610.57.04              KMD Version: 610.57.04     CUDA UMD Version: 13.3     |
+-----------------------------------------+------------------------+----------------------+
| GPU  Name                 Persistence-M | Bus-Id          Disp.A | Volatile Uncorr. ECC |
| Fan  Temp   Perf          Pwr:Usage/Cap |           Memory-Usage | GPU-Util  Compute M. |
|                                         |                        |               MIG M. |
|=========================================+========================+======================|
|   0  NVIDIA GeForce RTX 5060 Ti     Off |   00000000:01:00.0  On |                  N/A |
| 53%   60C    P1            179W /  180W |   14629MiB /  16311MiB |     98%      Default |
|                                         |                        |                  N/A |
+-----------------------------------------+------------------------+----------------------+

+-----------------------------------------------------------------------------------------+
| Processes:                                                                              |
|  GPU   GI   CI              PID   Type   Process name                        GPU Memory |
|        ID   ID                                                               Usage      |
|=========================================================================================|
|    0   N/A  N/A            1287      G   Hyprland                                228MiB |
|    0   N/A  N/A            1347      G   quickshell                              202MiB |
|    0   N/A  N/A            1374      G   Xwayland                                  2MiB |
|    0   N/A  N/A            2226    C+G   ...rack-uuid=3190708988185955192          7MiB |
|    0   N/A  N/A            3150    C+G   ...rack-uuid=3190708988185955192        152MiB |
|    0   N/A  N/A          362956      G   kitty                                    21MiB |
|    0   N/A  N/A          405792      G   kitty                                    35MiB |
|    0   N/A  N/A          406752      G   kitty                                    51MiB |
|    0   N/A  N/A          423941      C   llama-server                          13526MiB |
|    0   N/A  N/A          424886      G   kitty                                    41MiB |
+-----------------------------------------------------------------------------------------+
---
Mon Sep 14 04:08:30 PM UTC 2026
14457 MiB, 16311 MiB
Mon Sep 14 13:08:30 2026       
+-----------------------------------------------------------------------------------------+
| NVIDIA-SMI 610.57.04              KMD Version: 610.57.04     CUDA UMD Version: 13.3     |
+-----------------------------------------+------------------------+----------------------+
| GPU  Name                 Persistence-M | Bus-Id          Disp.A | Volatile Uncorr. ECC |
| Fan  Temp   Perf          Pwr:Usage/Cap |           Memory-Usage | GPU-Util  Compute M. |
|                                         |                        |               MIG M. |
|=========================================+========================+======================|
|   0  NVIDIA GeForce RTX 5060 Ti     Off |   00000000:01:00.0  On |                  N/A |
| 53%   59C    P1            179W /  180W |   14457MiB /  16311MiB |     99%      Default |
|                                         |                        |                  N/A |
+-----------------------------------------+------------------------+----------------------+

+-----------------------------------------------------------------------------------------+
| Processes:                                                                              |
|  GPU   GI   CI              PID   Type   Process name                        GPU Memory |
|        ID   ID                                                               Usage      |
|=========================================================================================|
|    0   N/A  N/A            1287      G   Hyprland                                206MiB |
|    0   N/A  N/A            1347      G   quickshell                               74MiB |
|    0   N/A  N/A            1374      G   Xwayland                                  2MiB |
|    0   N/A  N/A            2226    C+G   ...rack-uuid=3190708988185955192          7MiB |
|    0   N/A  N/A            3150    C+G   ...rack-uuid=3190708988185955192        152MiB |
|    0   N/A  N/A          362956      G   kitty                                    21MiB |
|    0   N/A  N/A          405792      G   kitty                                    35MiB |
|    0   N/A  N/A          406752      G   kitty                                    51MiB |
|    0   N/A  N/A          423941      C   llama-server                          13526MiB |
|    0   N/A  N/A          424886      G   kitty                                    41MiB |
+-----------------------------------------------------------------------------------------+
---
Mon Sep 14 04:09:30 PM UTC 2026
14425 MiB, 16311 MiB
Mon Sep 14 13:09:30 2026       
+-----------------------------------------------------------------------------------------+
| NVIDIA-SMI 610.57.04              KMD Version: 610.57.04     CUDA UMD Version: 13.3     |
+-----------------------------------------+------------------------+----------------------+
| GPU  Name                 Persistence-M | Bus-Id          Disp.A | Volatile Uncorr. ECC |
| Fan  Temp   Perf          Pwr:Usage/Cap |           Memory-Usage | GPU-Util  Compute M. |
|                                         |                        |               MIG M. |
|=========================================+========================+======================|
|   0  NVIDIA GeForce RTX 5060 Ti     Off |   00000000:01:00.0  On |                  N/A |
| 53%   60C    P1            179W /  180W |   14425MiB /  16311MiB |     98%      Default |
|                                         |                        |                  N/A |
+-----------------------------------------+------------------------+----------------------+

+-----------------------------------------------------------------------------------------+
| Processes:                                                                              |
|  GPU   GI   CI              PID   Type   Process name                        GPU Memory |
|        ID   ID                                                               Usage      |
|=========================================================================================|
|    0   N/A  N/A            1287      G   Hyprland                                185MiB |
|    0   N/A  N/A            1347      G   quickshell                               74MiB |
|    0   N/A  N/A            1374      G   Xwayland                                  2MiB |
|    0   N/A  N/A            2226    C+G   ...rack-uuid=3190708988185955192          7MiB |
|    0   N/A  N/A            3150    C+G   ...rack-uuid=3190708988185955192        142MiB |
|    0   N/A  N/A          362956      G   kitty                                    21MiB |
|    0   N/A  N/A          405792      G   kitty                                    35MiB |
|    0   N/A  N/A          406752      G   kitty                                    51MiB |
|    0   N/A  N/A          423941      C   llama-server                          13526MiB |
|    0   N/A  N/A          424886      G   kitty                                    41MiB |
+-----------------------------------------------------------------------------------------+
---
Mon Sep 14 04:10:30 PM UTC 2026
14506 MiB, 16311 MiB
Mon Sep 14 13:10:30 2026       
+-----------------------------------------------------------------------------------------+
| NVIDIA-SMI 610.57.04              KMD Version: 610.57.04     CUDA UMD Version: 13.3     |
+-----------------------------------------+------------------------+----------------------+
| GPU  Name                 Persistence-M | Bus-Id          Disp.A | Volatile Uncorr. ECC |
| Fan  Temp   Perf          Pwr:Usage/Cap |           Memory-Usage | GPU-Util  Compute M. |
|                                         |                        |               MIG M. |
|=========================================+========================+======================|
|   0  NVIDIA GeForce RTX 5060 Ti     Off |   00000000:01:00.0  On |                  N/A |
| 52%   60C    P1            179W /  180W |   14506MiB /  16311MiB |     99%      Default |
|                                         |                        |                  N/A |
+-----------------------------------------+------------------------+----------------------+

+-----------------------------------------------------------------------------------------+
| Processes:                                                                              |
|  GPU   GI   CI              PID   Type   Process name                        GPU Memory |
|        ID   ID                                                               Usage      |
|=========================================================================================|
|    0   N/A  N/A            1287      G   Hyprland                                206MiB |
|    0   N/A  N/A            1347      G   quickshell                               83MiB |
|    0   N/A  N/A            1374      G   Xwayland                                  2MiB |
|    0   N/A  N/A            2226    C+G   ...rack-uuid=3190708988185955192         17MiB |
|    0   N/A  N/A            3150    C+G   ...rack-uuid=3190708988185955192        209MiB |
|    0   N/A  N/A          362956      G   kitty                                    21MiB |
|    0   N/A  N/A          405792      G   kitty                                    35MiB |
|    0   N/A  N/A          406752      G   kitty                                    51MiB |
|    0   N/A  N/A          423941      C   llama-server                          13526MiB |
|    0   N/A  N/A          424886      G   kitty                                    41MiB |
+-----------------------------------------------------------------------------------------+
---
Mon Sep 14 04:11:30 PM UTC 2026
14456 MiB, 16311 MiB
Mon Sep 14 13:11:30 2026       
+-----------------------------------------------------------------------------------------+
| NVIDIA-SMI 610.57.04              KMD Version: 610.57.04     CUDA UMD Version: 13.3     |
+-----------------------------------------+------------------------+----------------------+
| GPU  Name                 Persistence-M | Bus-Id          Disp.A | Volatile Uncorr. ECC |
| Fan  Temp   Perf          Pwr:Usage/Cap |           Memory-Usage | GPU-Util  Compute M. |
|                                         |                        |               MIG M. |
|=========================================+========================+======================|
|   0  NVIDIA GeForce RTX 5060 Ti     Off |   00000000:01:00.0  On |                  N/A |
| 52%   60C    P1            180W /  180W |   14456MiB /  16311MiB |     98%      Default |
|                                         |                        |                  N/A |
+-----------------------------------------+------------------------+----------------------+

+-----------------------------------------------------------------------------------------+
| Processes:                                                                              |
|  GPU   GI   CI              PID   Type   Process name                        GPU Memory |
|        ID   ID                                                               Usage      |
|=========================================================================================|
|    0   N/A  N/A            1287      G   Hyprland                                206MiB |
|    0   N/A  N/A            1347      G   quickshell                               83MiB |
|    0   N/A  N/A            1374      G   Xwayland                                  2MiB |
|    0   N/A  N/A            2226    C+G   ...rack-uuid=3190708988185955192         17MiB |
|    0   N/A  N/A            3150    C+G   ...rack-uuid=3190708988185955192        159MiB |
|    0   N/A  N/A          362956      G   kitty                                    21MiB |
|    0   N/A  N/A          405792      G   kitty                                    35MiB |
|    0   N/A  N/A          406752      G   kitty                                    51MiB |
|    0   N/A  N/A          423941      C   llama-server                          13526MiB |
|    0   N/A  N/A          424886      G   kitty                                    41MiB |
+-----------------------------------------------------------------------------------------+
---
Mon Sep 14 04:12:30 PM UTC 2026
14456 MiB, 16311 MiB
Mon Sep 14 13:12:30 2026       
+-----------------------------------------------------------------------------------------+
| NVIDIA-SMI 610.57.04              KMD Version: 610.57.04     CUDA UMD Version: 13.3     |
+-----------------------------------------+------------------------+----------------------+
| GPU  Name                 Persistence-M | Bus-Id          Disp.A | Volatile Uncorr. ECC |
| Fan  Temp   Perf          Pwr:Usage/Cap |           Memory-Usage | GPU-Util  Compute M. |
|                                         |                        |               MIG M. |
|=========================================+========================+======================|
|   0  NVIDIA GeForce RTX 5060 Ti     Off |   00000000:01:00.0  On |                  N/A |
| 53%   60C    P1            180W /  180W |   14456MiB /  16311MiB |     98%      Default |
|                                         |                        |                  N/A |
+-----------------------------------------+------------------------+----------------------+

+-----------------------------------------------------------------------------------------+
| Processes:                                                                              |
|  GPU   GI   CI              PID   Type   Process name                        GPU Memory |
|        ID   ID                                                               Usage      |
|=========================================================================================|
|    0   N/A  N/A            1287      G   Hyprland                                206MiB |
|    0   N/A  N/A            1347      G   quickshell                               83MiB |
|    0   N/A  N/A            1374      G   Xwayland                                  2MiB |
|    0   N/A  N/A            2226    C+G   ...rack-uuid=3190708988185955192         17MiB |
|    0   N/A  N/A            3150    C+G   ...rack-uuid=3190708988185955192        159MiB |
|    0   N/A  N/A          362956      G   kitty                                    21MiB |
|    0   N/A  N/A          405792      G   kitty                                    35MiB |
|    0   N/A  N/A          406752      G   kitty                                    51MiB |
|    0   N/A  N/A          423941      C   llama-server                          13526MiB |
|    0   N/A  N/A          424886      G   kitty                                    41MiB |
+-----------------------------------------------------------------------------------------+
---
Mon Sep 14 04:13:30 PM UTC 2026
14581 MiB, 16311 MiB
Mon Sep 14 13:13:30 2026       
+-----------------------------------------------------------------------------------------+
| NVIDIA-SMI 610.57.04              KMD Version: 610.57.04     CUDA UMD Version: 13.3     |
+-----------------------------------------+------------------------+----------------------+
| GPU  Name                 Persistence-M | Bus-Id          Disp.A | Volatile Uncorr. ECC |
| Fan  Temp   Perf          Pwr:Usage/Cap |           Memory-Usage | GPU-Util  Compute M. |
|                                         |                        |               MIG M. |
|=========================================+========================+======================|
|   0  NVIDIA GeForce RTX 5060 Ti     Off |   00000000:01:00.0  On |                  N/A |
| 53%   59C    P1            181W /  180W |   14581MiB /  16311MiB |     99%      Default |
|                                         |                        |                  N/A |
+-----------------------------------------+------------------------+----------------------+

+-----------------------------------------------------------------------------------------+
| Processes:                                                                              |
|  GPU   GI   CI              PID   Type   Process name                        GPU Memory |
|        ID   ID                                                               Usage      |
|=========================================================================================|
|    0   N/A  N/A            1287      G   Hyprland                                207MiB |
|    0   N/A  N/A            1347      G   quickshell                              187MiB |
|    0   N/A  N/A            1374      G   Xwayland                                  2MiB |
|    0   N/A  N/A            2226    C+G   ...rack-uuid=3190708988185955192         17MiB |
|    0   N/A  N/A            3150    C+G   ...rack-uuid=3190708988185955192        158MiB |
|    0   N/A  N/A          362956      G   kitty                                    21MiB |
|    0   N/A  N/A          405792      G   kitty                                    35MiB |
|    0   N/A  N/A          406752      G   kitty                                    51MiB |
|    0   N/A  N/A          423941      C   llama-server                          13526MiB |
|    0   N/A  N/A          424886      G   kitty                                    41MiB |
+-----------------------------------------------------------------------------------------+
---
Mon Sep 14 04:14:30 PM UTC 2026
14434 MiB, 16311 MiB
Mon Sep 14 13:14:30 2026       
+-----------------------------------------------------------------------------------------+
| NVIDIA-SMI 610.57.04              KMD Version: 610.57.04     CUDA UMD Version: 13.3     |
+-----------------------------------------+------------------------+----------------------+
| GPU  Name                 Persistence-M | Bus-Id          Disp.A | Volatile Uncorr. ECC |
| Fan  Temp   Perf          Pwr:Usage/Cap |           Memory-Usage | GPU-Util  Compute M. |
|                                         |                        |               MIG M. |
|=========================================+========================+======================|
|   0  NVIDIA GeForce RTX 5060 Ti     Off |   00000000:01:00.0  On |                  N/A |
| 53%   60C    P1            180W /  180W |   14434MiB /  16311MiB |     98%      Default |
|                                         |                        |                  N/A |
+-----------------------------------------+------------------------+----------------------+

+-----------------------------------------------------------------------------------------+
| Processes:                                                                              |
|  GPU   GI   CI              PID   Type   Process name                        GPU Memory |
|        ID   ID                                                               Usage      |
|=========================================================================================|
|    0   N/A  N/A            1287      G   Hyprland                                206MiB |
|    0   N/A  N/A            1347      G   quickshell                               83MiB |
|    0   N/A  N/A            1374      G   Xwayland                                  2MiB |
|    0   N/A  N/A            2226    C+G   ...rack-uuid=3190708988185955192         17MiB |
|    0   N/A  N/A            3150    C+G   ...rack-uuid=3190708988185955192        138MiB |
|    0   N/A  N/A          362956      G   kitty                                    21MiB |
|    0   N/A  N/A          405792      G   kitty                                    35MiB |
|    0   N/A  N/A          406752      G   kitty                                    51MiB |
|    0   N/A  N/A          423941      C   llama-server                          13526MiB |
|    0   N/A  N/A          424886      G   kitty                                    41MiB |
+-----------------------------------------------------------------------------------------+
---
Mon Sep 14 04:15:30 PM UTC 2026
14437 MiB, 16311 MiB
Mon Sep 14 13:15:30 2026       
+-----------------------------------------------------------------------------------------+
| NVIDIA-SMI 610.57.04              KMD Version: 610.57.04     CUDA UMD Version: 13.3     |
+-----------------------------------------+------------------------+----------------------+
| GPU  Name                 Persistence-M | Bus-Id          Disp.A | Volatile Uncorr. ECC |
| Fan  Temp   Perf          Pwr:Usage/Cap |           Memory-Usage | GPU-Util  Compute M. |
|                                         |                        |               MIG M. |
|=========================================+========================+======================|
|   0  NVIDIA GeForce RTX 5060 Ti     Off |   00000000:01:00.0  On |                  N/A |
| 53%   59C    P1            180W /  180W |   14437MiB /  16311MiB |     99%      Default |
|                                         |                        |                  N/A |
+-----------------------------------------+------------------------+----------------------+

+-----------------------------------------------------------------------------------------+
| Processes:                                                                              |
|  GPU   GI   CI              PID   Type   Process name                        GPU Memory |
|        ID   ID                                                               Usage      |
|=========================================================================================|
|    0   N/A  N/A            1287      G   Hyprland                                206MiB |
|    0   N/A  N/A            1347      G   quickshell                               83MiB |
|    0   N/A  N/A            1374      G   Xwayland                                  2MiB |
|    0   N/A  N/A            2226    C+G   ...rack-uuid=3190708988185955192         17MiB |
|    0   N/A  N/A            3150    C+G   ...rack-uuid=3190708988185955192        141MiB |
|    0   N/A  N/A          362956      G   kitty                                    21MiB |
|    0   N/A  N/A          405792      G   kitty                                    35MiB |
|    0   N/A  N/A          406752      G   kitty                                    51MiB |
|    0   N/A  N/A          423941      C   llama-server                          13526MiB |
|    0   N/A  N/A          424886      G   kitty                                    41MiB |
+-----------------------------------------------------------------------------------------+
---
Mon Sep 14 04:16:30 PM UTC 2026
14440 MiB, 16311 MiB
Mon Sep 14 13:16:30 2026       
+-----------------------------------------------------------------------------------------+
| NVIDIA-SMI 610.57.04              KMD Version: 610.57.04     CUDA UMD Version: 13.3     |
+-----------------------------------------+------------------------+----------------------+
| GPU  Name                 Persistence-M | Bus-Id          Disp.A | Volatile Uncorr. ECC |
| Fan  Temp   Perf          Pwr:Usage/Cap |           Memory-Usage | GPU-Util  Compute M. |
|                                         |                        |               MIG M. |
|=========================================+========================+======================|
|   0  NVIDIA GeForce RTX 5060 Ti     Off |   00000000:01:00.0  On |                  N/A |
| 53%   59C    P1            179W /  180W |   14440MiB /  16311MiB |     99%      Default |
|                                         |                        |                  N/A |
+-----------------------------------------+------------------------+----------------------+

+-----------------------------------------------------------------------------------------+
| Processes:                                                                              |
|  GPU   GI   CI              PID   Type   Process name                        GPU Memory |
|        ID   ID                                                               Usage      |
|=========================================================================================|
|    0   N/A  N/A            1287      G   Hyprland                                206MiB |
|    0   N/A  N/A            1347      G   quickshell                               83MiB |
|    0   N/A  N/A            1374      G   Xwayland                                  2MiB |
|    0   N/A  N/A            2226    C+G   ...rack-uuid=3190708988185955192         17MiB |
|    0   N/A  N/A            3150    C+G   ...rack-uuid=3190708988185955192        144MiB |
|    0   N/A  N/A          362956      G   kitty                                    21MiB |
|    0   N/A  N/A          405792      G   kitty                                    35MiB |
|    0   N/A  N/A          406752      G   kitty                                    51MiB |
|    0   N/A  N/A          423941      C   llama-server                          13526MiB |
|    0   N/A  N/A          424886      G   kitty                                    41MiB |
+-----------------------------------------------------------------------------------------+
---
Mon Sep 14 04:17:30 PM UTC 2026
14440 MiB, 16311 MiB
Mon Sep 14 13:17:30 2026       
+-----------------------------------------------------------------------------------------+
| NVIDIA-SMI 610.57.04              KMD Version: 610.57.04     CUDA UMD Version: 13.3     |
+-----------------------------------------+------------------------+----------------------+
| GPU  Name                 Persistence-M | Bus-Id          Disp.A | Volatile Uncorr. ECC |
| Fan  Temp   Perf          Pwr:Usage/Cap |           Memory-Usage | GPU-Util  Compute M. |
|                                         |                        |               MIG M. |
|=========================================+========================+======================|
|   0  NVIDIA GeForce RTX 5060 Ti     Off |   00000000:01:00.0  On |                  N/A |
| 53%   59C    P1            179W /  180W |   14440MiB /  16311MiB |     99%      Default |
|                                         |                        |                  N/A |
+-----------------------------------------+------------------------+----------------------+

+-----------------------------------------------------------------------------------------+
| Processes:                                                                              |
|  GPU   GI   CI              PID   Type   Process name                        GPU Memory |
|        ID   ID                                                               Usage      |
|=========================================================================================|
|    0   N/A  N/A            1287      G   Hyprland                                206MiB |
|    0   N/A  N/A            1347      G   quickshell                               83MiB |
|    0   N/A  N/A            1374      G   Xwayland                                  2MiB |
|    0   N/A  N/A            2226    C+G   ...rack-uuid=3190708988185955192         17MiB |
|    0   N/A  N/A            3150    C+G   ...rack-uuid=3190708988185955192        144MiB |
|    0   N/A  N/A          362956      G   kitty                                    21MiB |
|    0   N/A  N/A          405792      G   kitty                                    35MiB |
|    0   N/A  N/A          406752      G   kitty                                    51MiB |
|    0   N/A  N/A          423941      C   llama-server                          13526MiB |
|    0   N/A  N/A          424886      G   kitty                                    41MiB |
+-----------------------------------------------------------------------------------------+
---
Mon Sep 14 04:18:30 PM UTC 2026
14423 MiB, 16311 MiB
Mon Sep 14 13:18:30 2026       
+-----------------------------------------------------------------------------------------+
| NVIDIA-SMI 610.57.04              KMD Version: 610.57.04     CUDA UMD Version: 13.3     |
+-----------------------------------------+------------------------+----------------------+
| GPU  Name                 Persistence-M | Bus-Id          Disp.A | Volatile Uncorr. ECC |
| Fan  Temp   Perf          Pwr:Usage/Cap |           Memory-Usage | GPU-Util  Compute M. |
|                                         |                        |               MIG M. |
|=========================================+========================+======================|
|   0  NVIDIA GeForce RTX 5060 Ti     Off |   00000000:01:00.0  On |                  N/A |
| 53%   59C    P1            141W /  180W |   14423MiB /  16311MiB |     98%      Default |
|                                         |                        |                  N/A |
+-----------------------------------------+------------------------+----------------------+

+-----------------------------------------------------------------------------------------+
| Processes:                                                                              |
|  GPU   GI   CI              PID   Type   Process name                        GPU Memory |
|        ID   ID                                                               Usage      |
|=========================================================================================|
|    0   N/A  N/A            1287      G   Hyprland                                184MiB |
|    0   N/A  N/A            1347      G   quickshell                               82MiB |
|    0   N/A  N/A            1374      G   Xwayland                                  2MiB |
|    0   N/A  N/A            2226    C+G   ...rack-uuid=3190708988185955192         17MiB |
|    0   N/A  N/A            3150    C+G   ...rack-uuid=3190708988185955192        149MiB |
|    0   N/A  N/A          362956      G   kitty                                    21MiB |
|    0   N/A  N/A          405792      G   kitty                                    35MiB |
|    0   N/A  N/A          406752      G   kitty                                    51MiB |
|    0   N/A  N/A          423941      C   llama-server                          13526MiB |
|    0   N/A  N/A          424886      G   kitty                                    41MiB |
+-----------------------------------------------------------------------------------------+
---
Mon Sep 14 04:19:30 PM UTC 2026
14486 MiB, 16311 MiB
Mon Sep 14 13:19:30 2026       
+-----------------------------------------------------------------------------------------+
| NVIDIA-SMI 610.57.04              KMD Version: 610.57.04     CUDA UMD Version: 13.3     |
+-----------------------------------------+------------------------+----------------------+
| GPU  Name                 Persistence-M | Bus-Id          Disp.A | Volatile Uncorr. ECC |
| Fan  Temp   Perf          Pwr:Usage/Cap |           Memory-Usage | GPU-Util  Compute M. |
|                                         |                        |               MIG M. |
|=========================================+========================+======================|
|   0  NVIDIA GeForce RTX 5060 Ti     Off |   00000000:01:00.0  On |                  N/A |
| 52%   60C    P1            180W /  180W |   14486MiB /  16311MiB |     98%      Default |
|                                         |                        |                  N/A |
+-----------------------------------------+------------------------+----------------------+

+-----------------------------------------------------------------------------------------+
| Processes:                                                                              |
|  GPU   GI   CI              PID   Type   Process name                        GPU Memory |
|        ID   ID                                                               Usage      |
|=========================================================================================|
|    0   N/A  N/A            1287      G   Hyprland                                184MiB |
|    0   N/A  N/A            1347      G   quickshell                               82MiB |
|    0   N/A  N/A            1374      G   Xwayland                                  2MiB |
|    0   N/A  N/A            2226    C+G   ...rack-uuid=3190708988185955192         17MiB |
|    0   N/A  N/A            3150    C+G   ...rack-uuid=3190708988185955192        211MiB |
|    0   N/A  N/A          362956      G   kitty                                    21MiB |
|    0   N/A  N/A          405792      G   kitty                                    35MiB |
|    0   N/A  N/A          406752      G   kitty                                    51MiB |
|    0   N/A  N/A          423941      C   llama-server                          13526MiB |
|    0   N/A  N/A          424886      G   kitty                                    41MiB |
+-----------------------------------------------------------------------------------------+
---
Mon Sep 14 04:20:30 PM UTC 2026
14439 MiB, 16311 MiB
Mon Sep 14 13:20:30 2026       
+-----------------------------------------------------------------------------------------+
| NVIDIA-SMI 610.57.04              KMD Version: 610.57.04     CUDA UMD Version: 13.3     |
+-----------------------------------------+------------------------+----------------------+
| GPU  Name                 Persistence-M | Bus-Id          Disp.A | Volatile Uncorr. ECC |
| Fan  Temp   Perf          Pwr:Usage/Cap |           Memory-Usage | GPU-Util  Compute M. |
|                                         |                        |               MIG M. |
|=========================================+========================+======================|
|   0  NVIDIA GeForce RTX 5060 Ti     Off |   00000000:01:00.0  On |                  N/A |
| 53%   60C    P1            179W /  180W |   14439MiB /  16311MiB |     98%      Default |
|                                         |                        |                  N/A |
+-----------------------------------------+------------------------+----------------------+

+-----------------------------------------------------------------------------------------+
| Processes:                                                                              |
|  GPU   GI   CI              PID   Type   Process name                        GPU Memory |
|        ID   ID                                                               Usage      |
|=========================================================================================|
|    0   N/A  N/A            1287      G   Hyprland                                184MiB |
|    0   N/A  N/A            1347      G   quickshell                               82MiB |
|    0   N/A  N/A            1374      G   Xwayland                                  2MiB |
|    0   N/A  N/A            2226    C+G   ...rack-uuid=3190708988185955192         17MiB |
|    0   N/A  N/A            3150    C+G   ...rack-uuid=3190708988185955192        165MiB |
|    0   N/A  N/A          362956      G   kitty                                    21MiB |
|    0   N/A  N/A          405792      G   kitty                                    35MiB |
|    0   N/A  N/A          406752      G   kitty                                    51MiB |
|    0   N/A  N/A          423941      C   llama-server                          13526MiB |
|    0   N/A  N/A          424886      G   kitty                                    41MiB |
+-----------------------------------------------------------------------------------------+
---
Mon Sep 14 04:21:30 PM UTC 2026
14421 MiB, 16311 MiB
Mon Sep 14 13:21:30 2026       
+-----------------------------------------------------------------------------------------+
| NVIDIA-SMI 610.57.04              KMD Version: 610.57.04     CUDA UMD Version: 13.3     |
+-----------------------------------------+------------------------+----------------------+
| GPU  Name                 Persistence-M | Bus-Id          Disp.A | Volatile Uncorr. ECC |
| Fan  Temp   Perf          Pwr:Usage/Cap |           Memory-Usage | GPU-Util  Compute M. |
|                                         |                        |               MIG M. |
|=========================================+========================+======================|
|   0  NVIDIA GeForce RTX 5060 Ti     Off |   00000000:01:00.0  On |                  N/A |
| 53%   59C    P1            180W /  180W |   14421MiB /  16311MiB |     99%      Default |
|                                         |                        |                  N/A |
+-----------------------------------------+------------------------+----------------------+

+-----------------------------------------------------------------------------------------+
| Processes:                                                                              |
|  GPU   GI   CI              PID   Type   Process name                        GPU Memory |
|        ID   ID                                                               Usage      |
|=========================================================================================|
|    0   N/A  N/A            1287      G   Hyprland                                184MiB |
|    0   N/A  N/A            1347      G   quickshell                               82MiB |
|    0   N/A  N/A            1374      G   Xwayland                                  2MiB |
|    0   N/A  N/A            2226    C+G   ...rack-uuid=3190708988185955192         17MiB |
|    0   N/A  N/A            3150    C+G   ...rack-uuid=3190708988185955192        147MiB |
|    0   N/A  N/A          362956      G   kitty                                    21MiB |
|    0   N/A  N/A          405792      G   kitty                                    35MiB |
|    0   N/A  N/A          406752      G   kitty                                    51MiB |
|    0   N/A  N/A          423941      C   llama-server                          13526MiB |
|    0   N/A  N/A          424886      G   kitty                                    41MiB |
+-----------------------------------------------------------------------------------------+
---
Mon Sep 14 04:22:30 PM UTC 2026
14544 MiB, 16311 MiB
Mon Sep 14 13:22:30 2026       
+-----------------------------------------------------------------------------------------+
| NVIDIA-SMI 610.57.04              KMD Version: 610.57.04     CUDA UMD Version: 13.3     |
+-----------------------------------------+------------------------+----------------------+
| GPU  Name                 Persistence-M | Bus-Id          Disp.A | Volatile Uncorr. ECC |
| Fan  Temp   Perf          Pwr:Usage/Cap |           Memory-Usage | GPU-Util  Compute M. |
|                                         |                        |               MIG M. |
|=========================================+========================+======================|
|   0  NVIDIA GeForce RTX 5060 Ti     Off |   00000000:01:00.0  On |                  N/A |
| 53%   60C    P1            179W /  180W |   14570MiB /  16311MiB |     99%      Default |
|                                         |                        |                  N/A |
+-----------------------------------------+------------------------+----------------------+

+-----------------------------------------------------------------------------------------+
| Processes:                                                                              |
|  GPU   GI   CI              PID   Type   Process name                        GPU Memory |
|        ID   ID                                                               Usage      |
|=========================================================================================|
|    0   N/A  N/A            1287      G   Hyprland                                184MiB |
|    0   N/A  N/A            1347      G   quickshell                               82MiB |
|    0   N/A  N/A            1374      G   Xwayland                                  2MiB |
|    0   N/A  N/A            2226    C+G   ...rack-uuid=3190708988185955192         17MiB |
|    0   N/A  N/A            3150    C+G   ...rack-uuid=3190708988185955192        295MiB |
|    0   N/A  N/A          362956      G   kitty                                    21MiB |
|    0   N/A  N/A          405792      G   kitty                                    35MiB |
|    0   N/A  N/A          406752      G   kitty                                    51MiB |
|    0   N/A  N/A          423941      C   llama-server                          13526MiB |
|    0   N/A  N/A          424886      G   kitty                                    41MiB |
+-----------------------------------------------------------------------------------------+
---
Mon Sep 14 04:23:30 PM UTC 2026
14434 MiB, 16311 MiB
Mon Sep 14 13:23:31 2026       
+-----------------------------------------------------------------------------------------+
| NVIDIA-SMI 610.57.04              KMD Version: 610.57.04     CUDA UMD Version: 13.3     |
+-----------------------------------------+------------------------+----------------------+
| GPU  Name                 Persistence-M | Bus-Id          Disp.A | Volatile Uncorr. ECC |
| Fan  Temp   Perf          Pwr:Usage/Cap |           Memory-Usage | GPU-Util  Compute M. |
|                                         |                        |               MIG M. |
|=========================================+========================+======================|
|   0  NVIDIA GeForce RTX 5060 Ti     Off |   00000000:01:00.0  On |                  N/A |
| 53%   60C    P1            179W /  180W |   14434MiB /  16311MiB |     98%      Default |
|                                         |                        |                  N/A |
+-----------------------------------------+------------------------+----------------------+

+-----------------------------------------------------------------------------------------+
| Processes:                                                                              |
|  GPU   GI   CI              PID   Type   Process name                        GPU Memory |
|        ID   ID                                                               Usage      |
|=========================================================================================|
|    0   N/A  N/A            1287      G   Hyprland                                206MiB |
|    0   N/A  N/A            1347      G   quickshell                               74MiB |
|    0   N/A  N/A            1374      G   Xwayland                                  2MiB |
|    0   N/A  N/A            2226    C+G   ...rack-uuid=3190708988185955192         17MiB |
|    0   N/A  N/A            3150    C+G   ...rack-uuid=3190708988185955192        146MiB |
|    0   N/A  N/A          362956      G   kitty                                    21MiB |
|    0   N/A  N/A          405792      G   kitty                                    35MiB |
|    0   N/A  N/A          406752      G   kitty                                    51MiB |
|    0   N/A  N/A          423941      C   llama-server                          13526MiB |
|    0   N/A  N/A          424886      G   kitty                                    41MiB |
+-----------------------------------------------------------------------------------------+
---
Mon Sep 14 04:24:31 PM UTC 2026
14364 MiB, 16311 MiB
Mon Sep 14 13:24:31 2026       
+-----------------------------------------------------------------------------------------+
| NVIDIA-SMI 610.57.04              KMD Version: 610.57.04     CUDA UMD Version: 13.3     |
+-----------------------------------------+------------------------+----------------------+
| GPU  Name                 Persistence-M | Bus-Id          Disp.A | Volatile Uncorr. ECC |
| Fan  Temp   Perf          Pwr:Usage/Cap |           Memory-Usage | GPU-Util  Compute M. |
|                                         |                        |               MIG M. |
|=========================================+========================+======================|
|   0  NVIDIA GeForce RTX 5060 Ti     Off |   00000000:01:00.0  On |                  N/A |
| 53%   60C    P1            179W /  180W |   14364MiB /  16311MiB |     99%      Default |
|                                         |                        |                  N/A |
+-----------------------------------------+------------------------+----------------------+

+-----------------------------------------------------------------------------------------+
| Processes:                                                                              |
|  GPU   GI   CI              PID   Type   Process name                        GPU Memory |
|        ID   ID                                                               Usage      |
|=========================================================================================|
|    0   N/A  N/A            1287      G   Hyprland                                206MiB |
|    0   N/A  N/A            1347      G   quickshell                               74MiB |
|    0   N/A  N/A            1374      G   Xwayland                                  2MiB |
|    0   N/A  N/A            2226    C+G   ...rack-uuid=3190708988185955192         17MiB |
|    0   N/A  N/A            3150    C+G   ...rack-uuid=3190708988185955192        108MiB |
|    0   N/A  N/A          362956      G   kitty                                    21MiB |
|    0   N/A  N/A          405792      G   kitty                                    19MiB |
|    0   N/A  N/A          406752      G   kitty                                    35MiB |
|    0   N/A  N/A          423941      C   llama-server                          13526MiB |
|    0   N/A  N/A          424886      G   kitty                                    41MiB |
+-----------------------------------------------------------------------------------------+
---
Mon Sep 14 04:25:31 PM UTC 2026
14364 MiB, 16311 MiB
Mon Sep 14 13:25:31 2026       
+-----------------------------------------------------------------------------------------+
| NVIDIA-SMI 610.57.04              KMD Version: 610.57.04     CUDA UMD Version: 13.3     |
+-----------------------------------------+------------------------+----------------------+
| GPU  Name                 Persistence-M | Bus-Id          Disp.A | Volatile Uncorr. ECC |
| Fan  Temp   Perf          Pwr:Usage/Cap |           Memory-Usage | GPU-Util  Compute M. |
|                                         |                        |               MIG M. |
|=========================================+========================+======================|
|   0  NVIDIA GeForce RTX 5060 Ti     Off |   00000000:01:00.0  On |                  N/A |
| 53%   59C    P1            179W /  180W |   14364MiB /  16311MiB |     99%      Default |
|                                         |                        |                  N/A |
+-----------------------------------------+------------------------+----------------------+

+-----------------------------------------------------------------------------------------+
| Processes:                                                                              |
|  GPU   GI   CI              PID   Type   Process name                        GPU Memory |
|        ID   ID                                                               Usage      |
|=========================================================================================|
|    0   N/A  N/A            1287      G   Hyprland                                206MiB |
|    0   N/A  N/A            1347      G   quickshell                               74MiB |
|    0   N/A  N/A            1374      G   Xwayland                                  2MiB |
|    0   N/A  N/A            2226    C+G   ...rack-uuid=3190708988185955192         17MiB |
|    0   N/A  N/A            3150    C+G   ...rack-uuid=3190708988185955192        108MiB |
|    0   N/A  N/A          362956      G   kitty                                    21MiB |
|    0   N/A  N/A          405792      G   kitty                                    19MiB |
|    0   N/A  N/A          406752      G   kitty                                    35MiB |
|    0   N/A  N/A          423941      C   llama-server                          13526MiB |
|    0   N/A  N/A          424886      G   kitty                                    41MiB |
+-----------------------------------------------------------------------------------------+
---
Mon Sep 14 04:26:31 PM UTC 2026
14362 MiB, 16311 MiB
Mon Sep 14 13:26:31 2026       
+-----------------------------------------------------------------------------------------+
| NVIDIA-SMI 610.57.04              KMD Version: 610.57.04     CUDA UMD Version: 13.3     |
+-----------------------------------------+------------------------+----------------------+
| GPU  Name                 Persistence-M | Bus-Id          Disp.A | Volatile Uncorr. ECC |
| Fan  Temp   Perf          Pwr:Usage/Cap |           Memory-Usage | GPU-Util  Compute M. |
|                                         |                        |               MIG M. |
|=========================================+========================+======================|
|   0  NVIDIA GeForce RTX 5060 Ti     Off |   00000000:01:00.0  On |                  N/A |
| 53%   59C    P1            179W /  180W |   14362MiB /  16311MiB |     98%      Default |
|                                         |                        |                  N/A |
+-----------------------------------------+------------------------+----------------------+

+-----------------------------------------------------------------------------------------+
| Processes:                                                                              |
|  GPU   GI   CI              PID   Type   Process name                        GPU Memory |
|        ID   ID                                                               Usage      |
|=========================================================================================|
|    0   N/A  N/A            1287      G   Hyprland                                206MiB |
|    0   N/A  N/A            1347      G   quickshell                               74MiB |
|    0   N/A  N/A            1374      G   Xwayland                                  2MiB |
|    0   N/A  N/A            2226    C+G   ...rack-uuid=3190708988185955192         17MiB |
|    0   N/A  N/A            3150    C+G   ...rack-uuid=3190708988185955192        106MiB |
|    0   N/A  N/A          362956      G   kitty                                    21MiB |
|    0   N/A  N/A          405792      G   kitty                                    19MiB |
|    0   N/A  N/A          406752      G   kitty                                    35MiB |
|    0   N/A  N/A          423941      C   llama-server                          13526MiB |
|    0   N/A  N/A          424886      G   kitty                                    41MiB |
+-----------------------------------------------------------------------------------------+
---
Mon Sep 14 04:27:31 PM UTC 2026
14379 MiB, 16311 MiB
Mon Sep 14 13:27:31 2026       
+-----------------------------------------------------------------------------------------+
| NVIDIA-SMI 610.57.04              KMD Version: 610.57.04     CUDA UMD Version: 13.3     |
+-----------------------------------------+------------------------+----------------------+
| GPU  Name                 Persistence-M | Bus-Id          Disp.A | Volatile Uncorr. ECC |
| Fan  Temp   Perf          Pwr:Usage/Cap |           Memory-Usage | GPU-Util  Compute M. |
|                                         |                        |               MIG M. |
|=========================================+========================+======================|
|   0  NVIDIA GeForce RTX 5060 Ti     Off |   00000000:01:00.0  On |                  N/A |
| 52%   58C    P1            179W /  180W |   14379MiB /  16311MiB |     98%      Default |
|                                         |                        |                  N/A |
+-----------------------------------------+------------------------+----------------------+

+-----------------------------------------------------------------------------------------+
| Processes:                                                                              |
|  GPU   GI   CI              PID   Type   Process name                        GPU Memory |
|        ID   ID                                                               Usage      |
|=========================================================================================|
|    0   N/A  N/A            1287      G   Hyprland                                206MiB |
|    0   N/A  N/A            1347      G   quickshell                               74MiB |
|    0   N/A  N/A            1374      G   Xwayland                                  2MiB |
|    0   N/A  N/A            2226    C+G   ...rack-uuid=3190708988185955192         17MiB |
|    0   N/A  N/A            3150    C+G   ...rack-uuid=3190708988185955192        123MiB |
|    0   N/A  N/A          362956      G   kitty                                    21MiB |
|    0   N/A  N/A          405792      G   kitty                                    19MiB |
|    0   N/A  N/A          406752      G   kitty                                    35MiB |
|    0   N/A  N/A          423941      C   llama-server                          13526MiB |
|    0   N/A  N/A          424886      G   kitty                                    41MiB |
+-----------------------------------------------------------------------------------------+
---
Mon Sep 14 04:28:31 PM UTC 2026
14378 MiB, 16311 MiB
Mon Sep 14 13:28:31 2026       
+-----------------------------------------------------------------------------------------+
| NVIDIA-SMI 610.57.04              KMD Version: 610.57.04     CUDA UMD Version: 13.3     |
+-----------------------------------------+------------------------+----------------------+
| GPU  Name                 Persistence-M | Bus-Id          Disp.A | Volatile Uncorr. ECC |
| Fan  Temp   Perf          Pwr:Usage/Cap |           Memory-Usage | GPU-Util  Compute M. |
|                                         |                        |               MIG M. |
|=========================================+========================+======================|
|   0  NVIDIA GeForce RTX 5060 Ti     Off |   00000000:01:00.0  On |                  N/A |
| 53%   59C    P1            180W /  180W |   14378MiB /  16311MiB |     99%      Default |
|                                         |                        |                  N/A |
+-----------------------------------------+------------------------+----------------------+

+-----------------------------------------------------------------------------------------+
| Processes:                                                                              |
|  GPU   GI   CI              PID   Type   Process name                        GPU Memory |
|        ID   ID                                                               Usage      |
|=========================================================================================|
|    0   N/A  N/A            1287      G   Hyprland                                206MiB |
|    0   N/A  N/A            1347      G   quickshell                               74MiB |
|    0   N/A  N/A            1374      G   Xwayland                                  2MiB |
|    0   N/A  N/A            2226    C+G   ...rack-uuid=3190708988185955192         17MiB |
|    0   N/A  N/A            3150    C+G   ...rack-uuid=3190708988185955192        122MiB |
|    0   N/A  N/A          362956      G   kitty                                    21MiB |
|    0   N/A  N/A          405792      G   kitty                                    19MiB |
|    0   N/A  N/A          406752      G   kitty                                    35MiB |
|    0   N/A  N/A          423941      C   llama-server                          13526MiB |
|    0   N/A  N/A          424886      G   kitty                                    41MiB |
+-----------------------------------------------------------------------------------------+
---
Mon Sep 14 04:29:31 PM UTC 2026
14378 MiB, 16311 MiB
Mon Sep 14 13:29:31 2026       
+-----------------------------------------------------------------------------------------+
| NVIDIA-SMI 610.57.04              KMD Version: 610.57.04     CUDA UMD Version: 13.3     |
+-----------------------------------------+------------------------+----------------------+
| GPU  Name                 Persistence-M | Bus-Id          Disp.A | Volatile Uncorr. ECC |
| Fan  Temp   Perf          Pwr:Usage/Cap |           Memory-Usage | GPU-Util  Compute M. |
|                                         |                        |               MIG M. |
|=========================================+========================+======================|
|   0  NVIDIA GeForce RTX 5060 Ti     Off |   00000000:01:00.0  On |                  N/A |
| 53%   59C    P1            180W /  180W |   14378MiB /  16311MiB |     98%      Default |
|                                         |                        |                  N/A |
+-----------------------------------------+------------------------+----------------------+

+-----------------------------------------------------------------------------------------+
| Processes:                                                                              |
|  GPU   GI   CI              PID   Type   Process name                        GPU Memory |
|        ID   ID                                                               Usage      |
|=========================================================================================|
|    0   N/A  N/A            1287      G   Hyprland                                206MiB |
|    0   N/A  N/A            1347      G   quickshell                               74MiB |
|    0   N/A  N/A            1374      G   Xwayland                                  2MiB |
|    0   N/A  N/A            2226    C+G   ...rack-uuid=3190708988185955192         17MiB |
|    0   N/A  N/A            3150    C+G   ...rack-uuid=3190708988185955192        121MiB |
|    0   N/A  N/A          362956      G   kitty                                    21MiB |
|    0   N/A  N/A          405792      G   kitty                                    19MiB |
|    0   N/A  N/A          406752      G   kitty                                    35MiB |
|    0   N/A  N/A          423941      C   llama-server                          13526MiB |
|    0   N/A  N/A          424886      G   kitty                                    41MiB |
+-----------------------------------------------------------------------------------------+
---
Mon Sep 14 04:30:31 PM UTC 2026
14517 MiB, 16311 MiB
Mon Sep 14 13:30:31 2026       
+-----------------------------------------------------------------------------------------+
| NVIDIA-SMI 610.57.04              KMD Version: 610.57.04     CUDA UMD Version: 13.3     |
+-----------------------------------------+------------------------+----------------------+
| GPU  Name                 Persistence-M | Bus-Id          Disp.A | Volatile Uncorr. ECC |
| Fan  Temp   Perf          Pwr:Usage/Cap |           Memory-Usage | GPU-Util  Compute M. |
|                                         |                        |               MIG M. |
|=========================================+========================+======================|
|   0  NVIDIA GeForce RTX 5060 Ti     Off |   00000000:01:00.0  On |                  N/A |
| 53%   60C    P1            179W /  180W |   14517MiB /  16311MiB |     98%      Default |
|                                         |                        |                  N/A |
+-----------------------------------------+------------------------+----------------------+

+-----------------------------------------------------------------------------------------+
| Processes:                                                                              |
|  GPU   GI   CI              PID   Type   Process name                        GPU Memory |
|        ID   ID                                                               Usage      |
|=========================================================================================|
|    0   N/A  N/A            1287      G   Hyprland                                206MiB |
|    0   N/A  N/A            1347      G   quickshell                               74MiB |
|    0   N/A  N/A            1374      G   Xwayland                                  2MiB |
|    0   N/A  N/A            2226    C+G   ...rack-uuid=3190708988185955192         17MiB |
|    0   N/A  N/A            3150    C+G   ...rack-uuid=3190708988185955192        261MiB |
|    0   N/A  N/A          362956      G   kitty                                    21MiB |
|    0   N/A  N/A          405792      G   kitty                                    19MiB |
|    0   N/A  N/A          406752      G   kitty                                    35MiB |
|    0   N/A  N/A          423941      C   llama-server                          13526MiB |
|    0   N/A  N/A          424886      G   kitty                                    41MiB |
+-----------------------------------------------------------------------------------------+
---
Mon Sep 14 04:31:31 PM UTC 2026
14378 MiB, 16311 MiB
Mon Sep 14 13:31:31 2026       
+-----------------------------------------------------------------------------------------+
| NVIDIA-SMI 610.57.04              KMD Version: 610.57.04     CUDA UMD Version: 13.3     |
+-----------------------------------------+------------------------+----------------------+
| GPU  Name                 Persistence-M | Bus-Id          Disp.A | Volatile Uncorr. ECC |
| Fan  Temp   Perf          Pwr:Usage/Cap |           Memory-Usage | GPU-Util  Compute M. |
|                                         |                        |               MIG M. |
|=========================================+========================+======================|
|   0  NVIDIA GeForce RTX 5060 Ti     Off |   00000000:01:00.0  On |                  N/A |
| 53%   60C    P1            168W /  180W |   14378MiB /  16311MiB |     98%      Default |
|                                         |                        |                  N/A |
+-----------------------------------------+------------------------+----------------------+

+-----------------------------------------------------------------------------------------+
| Processes:                                                                              |
|  GPU   GI   CI              PID   Type   Process name                        GPU Memory |
|        ID   ID                                                               Usage      |
|=========================================================================================|
|    0   N/A  N/A            1287      G   Hyprland                                206MiB |
|    0   N/A  N/A            1347      G   quickshell                               74MiB |
|    0   N/A  N/A            1374      G   Xwayland                                  2MiB |
|    0   N/A  N/A            2226    C+G   ...rack-uuid=3190708988185955192         17MiB |
|    0   N/A  N/A            3150    C+G   ...rack-uuid=3190708988185955192        122MiB |
|    0   N/A  N/A          362956      G   kitty                                    21MiB |
|    0   N/A  N/A          405792      G   kitty                                    19MiB |
|    0   N/A  N/A          406752      G   kitty                                    35MiB |
|    0   N/A  N/A          423941      C   llama-server                          13526MiB |
|    0   N/A  N/A          424886      G   kitty                                    41MiB |
+-----------------------------------------------------------------------------------------+
---
Mon Sep 14 04:32:31 PM UTC 2026
14378 MiB, 16311 MiB
Mon Sep 14 13:32:31 2026       
+-----------------------------------------------------------------------------------------+
| NVIDIA-SMI 610.57.04              KMD Version: 610.57.04     CUDA UMD Version: 13.3     |
+-----------------------------------------+------------------------+----------------------+
| GPU  Name                 Persistence-M | Bus-Id          Disp.A | Volatile Uncorr. ECC |
| Fan  Temp   Perf          Pwr:Usage/Cap |           Memory-Usage | GPU-Util  Compute M. |
|                                         |                        |               MIG M. |
|=========================================+========================+======================|
|   0  NVIDIA GeForce RTX 5060 Ti     Off |   00000000:01:00.0  On |                  N/A |
| 53%   60C    P1            179W /  180W |   14378MiB /  16311MiB |     98%      Default |
|                                         |                        |                  N/A |
+-----------------------------------------+------------------------+----------------------+

+-----------------------------------------------------------------------------------------+
| Processes:                                                                              |
|  GPU   GI   CI              PID   Type   Process name                        GPU Memory |
|        ID   ID                                                               Usage      |
|=========================================================================================|
|    0   N/A  N/A            1287      G   Hyprland                                206MiB |
|    0   N/A  N/A            1347      G   quickshell                               74MiB |
|    0   N/A  N/A            1374      G   Xwayland                                  2MiB |
|    0   N/A  N/A            2226    C+G   ...rack-uuid=3190708988185955192         17MiB |
|    0   N/A  N/A            3150    C+G   ...rack-uuid=3190708988185955192        122MiB |
|    0   N/A  N/A          362956      G   kitty                                    21MiB |
|    0   N/A  N/A          405792      G   kitty                                    19MiB |
|    0   N/A  N/A          406752      G   kitty                                    35MiB |
|    0   N/A  N/A          423941      C   llama-server                          13526MiB |
|    0   N/A  N/A          424886      G   kitty                                    41MiB |
+-----------------------------------------------------------------------------------------+
---
Mon Sep 14 04:33:31 PM UTC 2026
14385 MiB, 16311 MiB
Mon Sep 14 13:33:31 2026       
+-----------------------------------------------------------------------------------------+
| NVIDIA-SMI 610.57.04              KMD Version: 610.57.04     CUDA UMD Version: 13.3     |
+-----------------------------------------+------------------------+----------------------+
| GPU  Name                 Persistence-M | Bus-Id          Disp.A | Volatile Uncorr. ECC |
| Fan  Temp   Perf          Pwr:Usage/Cap |           Memory-Usage | GPU-Util  Compute M. |
|                                         |                        |               MIG M. |
|=========================================+========================+======================|
|   0  NVIDIA GeForce RTX 5060 Ti     Off |   00000000:01:00.0  On |                  N/A |
| 53%   60C    P1            180W /  180W |   14385MiB /  16311MiB |     99%      Default |
|                                         |                        |                  N/A |
+-----------------------------------------+------------------------+----------------------+

+-----------------------------------------------------------------------------------------+
| Processes:                                                                              |
|  GPU   GI   CI              PID   Type   Process name                        GPU Memory |
|        ID   ID                                                               Usage      |
|=========================================================================================|
|    0   N/A  N/A            1287      G   Hyprland                                206MiB |
|    0   N/A  N/A            1347      G   quickshell                               74MiB |
|    0   N/A  N/A            1374      G   Xwayland                                  2MiB |
|    0   N/A  N/A            2226    C+G   ...rack-uuid=3190708988185955192         17MiB |
|    0   N/A  N/A            3150    C+G   ...rack-uuid=3190708988185955192        129MiB |
|    0   N/A  N/A          362956      G   kitty                                    21MiB |
|    0   N/A  N/A          405792      G   kitty                                    19MiB |
|    0   N/A  N/A          406752      G   kitty                                    35MiB |
|    0   N/A  N/A          423941      C   llama-server                          13526MiB |
|    0   N/A  N/A          424886      G   kitty                                    41MiB |
+-----------------------------------------------------------------------------------------+
---
Mon Sep 14 04:34:31 PM UTC 2026
14390 MiB, 16311 MiB
Mon Sep 14 13:34:31 2026       
+-----------------------------------------------------------------------------------------+
| NVIDIA-SMI 610.57.04              KMD Version: 610.57.04     CUDA UMD Version: 13.3     |
+-----------------------------------------+------------------------+----------------------+
| GPU  Name                 Persistence-M | Bus-Id          Disp.A | Volatile Uncorr. ECC |
| Fan  Temp   Perf          Pwr:Usage/Cap |           Memory-Usage | GPU-Util  Compute M. |
|                                         |                        |               MIG M. |
|=========================================+========================+======================|
|   0  NVIDIA GeForce RTX 5060 Ti     Off |   00000000:01:00.0  On |                  N/A |
| 53%   59C    P1            179W /  180W |   14390MiB /  16311MiB |     98%      Default |
|                                         |                        |                  N/A |
+-----------------------------------------+------------------------+----------------------+

+-----------------------------------------------------------------------------------------+
| Processes:                                                                              |
|  GPU   GI   CI              PID   Type   Process name                        GPU Memory |
|        ID   ID                                                               Usage      |
|=========================================================================================|
|    0   N/A  N/A            1287      G   Hyprland                                206MiB |
|    0   N/A  N/A            1347      G   quickshell                               74MiB |
|    0   N/A  N/A            1374      G   Xwayland                                  2MiB |
|    0   N/A  N/A            2226    C+G   ...rack-uuid=3190708988185955192         17MiB |
|    0   N/A  N/A            3150    C+G   ...rack-uuid=3190708988185955192        133MiB |
|    0   N/A  N/A          362956      G   kitty                                    21MiB |
|    0   N/A  N/A          405792      G   kitty                                    19MiB |
|    0   N/A  N/A          406752      G   kitty                                    35MiB |
|    0   N/A  N/A          423941      C   llama-server                          13526MiB |
|    0   N/A  N/A          424886      G   kitty                                    41MiB |
+-----------------------------------------------------------------------------------------+
---
Mon Sep 14 04:35:31 PM UTC 2026
14387 MiB, 16311 MiB
Mon Sep 14 13:35:31 2026       
+-----------------------------------------------------------------------------------------+
| NVIDIA-SMI 610.57.04              KMD Version: 610.57.04     CUDA UMD Version: 13.3     |
+-----------------------------------------+------------------------+----------------------+
| GPU  Name                 Persistence-M | Bus-Id          Disp.A | Volatile Uncorr. ECC |
| Fan  Temp   Perf          Pwr:Usage/Cap |           Memory-Usage | GPU-Util  Compute M. |
|                                         |                        |               MIG M. |
|=========================================+========================+======================|
|   0  NVIDIA GeForce RTX 5060 Ti     Off |   00000000:01:00.0  On |                  N/A |
| 53%   59C    P1            179W /  180W |   14387MiB /  16311MiB |     98%      Default |
|                                         |                        |                  N/A |
+-----------------------------------------+------------------------+----------------------+

+-----------------------------------------------------------------------------------------+
| Processes:                                                                              |
|  GPU   GI   CI              PID   Type   Process name                        GPU Memory |
|        ID   ID                                                               Usage      |
|=========================================================================================|
|    0   N/A  N/A            1287      G   Hyprland                                206MiB |
|    0   N/A  N/A            1347      G   quickshell                               74MiB |
|    0   N/A  N/A            1374      G   Xwayland                                  2MiB |
|    0   N/A  N/A            2226    C+G   ...rack-uuid=3190708988185955192         17MiB |
|    0   N/A  N/A            3150    C+G   ...rack-uuid=3190708988185955192        130MiB |
|    0   N/A  N/A          362956      G   kitty                                    21MiB |
|    0   N/A  N/A          405792      G   kitty                                    19MiB |
|    0   N/A  N/A          406752      G   kitty                                    35MiB |
|    0   N/A  N/A          423941      C   llama-server                          13526MiB |
|    0   N/A  N/A          424886      G   kitty                                    41MiB |
+-----------------------------------------------------------------------------------------+
---
Mon Sep 14 04:36:31 PM UTC 2026
14531 MiB, 16311 MiB
Mon Sep 14 13:36:31 2026       
+-----------------------------------------------------------------------------------------+
| NVIDIA-SMI 610.57.04              KMD Version: 610.57.04     CUDA UMD Version: 13.3     |
+-----------------------------------------+------------------------+----------------------+
| GPU  Name                 Persistence-M | Bus-Id          Disp.A | Volatile Uncorr. ECC |
| Fan  Temp   Perf          Pwr:Usage/Cap |           Memory-Usage | GPU-Util  Compute M. |
|                                         |                        |               MIG M. |
|=========================================+========================+======================|
|   0  NVIDIA GeForce RTX 5060 Ti     Off |   00000000:01:00.0  On |                  N/A |
| 52%   60C    P1            181W /  180W |   14531MiB /  16311MiB |     99%      Default |
|                                         |                        |                  N/A |
+-----------------------------------------+------------------------+----------------------+

+-----------------------------------------------------------------------------------------+
| Processes:                                                                              |
|  GPU   GI   CI              PID   Type   Process name                        GPU Memory |
|        ID   ID                                                               Usage      |
|=========================================================================================|
|    0   N/A  N/A            1287      G   Hyprland                                206MiB |
|    0   N/A  N/A            1347      G   quickshell                               74MiB |
|    0   N/A  N/A            1374      G   Xwayland                                  2MiB |
|    0   N/A  N/A            2226    C+G   ...rack-uuid=3190708988185955192         17MiB |
|    0   N/A  N/A            3150    C+G   ...rack-uuid=3190708988185955192        275MiB |
|    0   N/A  N/A          362956      G   kitty                                    21MiB |
|    0   N/A  N/A          405792      G   kitty                                    19MiB |
|    0   N/A  N/A          406752      G   kitty                                    35MiB |
|    0   N/A  N/A          423941      C   llama-server                          13526MiB |
|    0   N/A  N/A          424886      G   kitty                                    41MiB |
+-----------------------------------------------------------------------------------------+
---
Mon Sep 14 04:37:31 PM UTC 2026
14393 MiB, 16311 MiB
Mon Sep 14 13:37:31 2026       
+-----------------------------------------------------------------------------------------+
| NVIDIA-SMI 610.57.04              KMD Version: 610.57.04     CUDA UMD Version: 13.3     |
+-----------------------------------------+------------------------+----------------------+
| GPU  Name                 Persistence-M | Bus-Id          Disp.A | Volatile Uncorr. ECC |
| Fan  Temp   Perf          Pwr:Usage/Cap |           Memory-Usage | GPU-Util  Compute M. |
|                                         |                        |               MIG M. |
|=========================================+========================+======================|
|   0  NVIDIA GeForce RTX 5060 Ti     Off |   00000000:01:00.0  On |                  N/A |
| 53%   59C    P1            180W /  180W |   14393MiB /  16311MiB |     98%      Default |
|                                         |                        |                  N/A |
+-----------------------------------------+------------------------+----------------------+

+-----------------------------------------------------------------------------------------+
| Processes:                                                                              |
|  GPU   GI   CI              PID   Type   Process name                        GPU Memory |
|        ID   ID                                                               Usage      |
|=========================================================================================|
|    0   N/A  N/A            1287      G   Hyprland                                206MiB |
|    0   N/A  N/A            1347      G   quickshell                               74MiB |
|    0   N/A  N/A            1374      G   Xwayland                                  2MiB |
|    0   N/A  N/A            2226    C+G   ...rack-uuid=3190708988185955192         17MiB |
|    0   N/A  N/A            3150    C+G   ...rack-uuid=3190708988185955192        137MiB |
|    0   N/A  N/A          362956      G   kitty                                    21MiB |
|    0   N/A  N/A          405792      G   kitty                                    19MiB |
|    0   N/A  N/A          406752      G   kitty                                    35MiB |
|    0   N/A  N/A          423941      C   llama-server                          13526MiB |
|    0   N/A  N/A          424886      G   kitty                                    41MiB |
+-----------------------------------------------------------------------------------------+
---
Mon Sep 14 04:38:31 PM UTC 2026
14522 MiB, 16311 MiB
Mon Sep 14 13:38:31 2026       
+-----------------------------------------------------------------------------------------+
| NVIDIA-SMI 610.57.04              KMD Version: 610.57.04     CUDA UMD Version: 13.3     |
+-----------------------------------------+------------------------+----------------------+
| GPU  Name                 Persistence-M | Bus-Id          Disp.A | Volatile Uncorr. ECC |
| Fan  Temp   Perf          Pwr:Usage/Cap |           Memory-Usage | GPU-Util  Compute M. |
|                                         |                        |               MIG M. |
|=========================================+========================+======================|
|   0  NVIDIA GeForce RTX 5060 Ti     Off |   00000000:01:00.0  On |                  N/A |
| 53%   60C    P1            179W /  180W |   14522MiB /  16311MiB |     98%      Default |
|                                         |                        |                  N/A |
+-----------------------------------------+------------------------+----------------------+

+-----------------------------------------------------------------------------------------+
| Processes:                                                                              |
|  GPU   GI   CI              PID   Type   Process name                        GPU Memory |
|        ID   ID                                                               Usage      |
|=========================================================================================|
|    0   N/A  N/A            1287      G   Hyprland                                206MiB |
|    0   N/A  N/A            1347      G   quickshell                               74MiB |
|    0   N/A  N/A            1374      G   Xwayland                                  2MiB |
|    0   N/A  N/A            2226    C+G   ...rack-uuid=3190708988185955192         17MiB |
|    0   N/A  N/A            3150    C+G   ...rack-uuid=3190708988185955192        265MiB |
|    0   N/A  N/A          362956      G   kitty                                    21MiB |
|    0   N/A  N/A          405792      G   kitty                                    19MiB |
|    0   N/A  N/A          406752      G   kitty                                    35MiB |
|    0   N/A  N/A          423941      C   llama-server                          13526MiB |
|    0   N/A  N/A          424886      G   kitty                                    41MiB |
+-----------------------------------------------------------------------------------------+
---
Mon Sep 14 04:39:31 PM UTC 2026
14381 MiB, 16311 MiB
Mon Sep 14 13:39:31 2026       
+-----------------------------------------------------------------------------------------+
| NVIDIA-SMI 610.57.04              KMD Version: 610.57.04     CUDA UMD Version: 13.3     |
+-----------------------------------------+------------------------+----------------------+
| GPU  Name                 Persistence-M | Bus-Id          Disp.A | Volatile Uncorr. ECC |
| Fan  Temp   Perf          Pwr:Usage/Cap |           Memory-Usage | GPU-Util  Compute M. |
|                                         |                        |               MIG M. |
|=========================================+========================+======================|
|   0  NVIDIA GeForce RTX 5060 Ti     Off |   00000000:01:00.0  On |                  N/A |
| 53%   60C    P1            180W /  180W |   14381MiB /  16311MiB |     98%      Default |
|                                         |                        |                  N/A |
+-----------------------------------------+------------------------+----------------------+

+-----------------------------------------------------------------------------------------+
| Processes:                                                                              |
|  GPU   GI   CI              PID   Type   Process name                        GPU Memory |
|        ID   ID                                                               Usage      |
|=========================================================================================|
|    0   N/A  N/A            1287      G   Hyprland                                206MiB |
|    0   N/A  N/A            1347      G   quickshell                               74MiB |
|    0   N/A  N/A            1374      G   Xwayland                                  2MiB |
|    0   N/A  N/A            2226    C+G   ...rack-uuid=3190708988185955192         17MiB |
|    0   N/A  N/A            3150    C+G   ...rack-uuid=3190708988185955192        124MiB |
|    0   N/A  N/A          362956      G   kitty                                    21MiB |
|    0   N/A  N/A          405792      G   kitty                                    19MiB |
|    0   N/A  N/A          406752      G   kitty                                    35MiB |
|    0   N/A  N/A          423941      C   llama-server                          13526MiB |
|    0   N/A  N/A          424886      G   kitty                                    41MiB |
+-----------------------------------------------------------------------------------------+
---
Mon Sep 14 04:40:31 PM UTC 2026
14380 MiB, 16311 MiB
Mon Sep 14 13:40:31 2026       
+-----------------------------------------------------------------------------------------+
| NVIDIA-SMI 610.57.04              KMD Version: 610.57.04     CUDA UMD Version: 13.3     |
+-----------------------------------------+------------------------+----------------------+
| GPU  Name                 Persistence-M | Bus-Id          Disp.A | Volatile Uncorr. ECC |
| Fan  Temp   Perf          Pwr:Usage/Cap |           Memory-Usage | GPU-Util  Compute M. |
|                                         |                        |               MIG M. |
|=========================================+========================+======================|
|   0  NVIDIA GeForce RTX 5060 Ti     Off |   00000000:01:00.0  On |                  N/A |
| 53%   60C    P1            180W /  180W |   14380MiB /  16311MiB |     98%      Default |
|                                         |                        |                  N/A |
+-----------------------------------------+------------------------+----------------------+

+-----------------------------------------------------------------------------------------+
| Processes:                                                                              |
|  GPU   GI   CI              PID   Type   Process name                        GPU Memory |
|        ID   ID                                                               Usage      |
|=========================================================================================|
|    0   N/A  N/A            1287      G   Hyprland                                206MiB |
|    0   N/A  N/A            1347      G   quickshell                               74MiB |
|    0   N/A  N/A            1374      G   Xwayland                                  2MiB |
|    0   N/A  N/A            2226    C+G   ...rack-uuid=3190708988185955192         17MiB |
|    0   N/A  N/A            3150    C+G   ...rack-uuid=3190708988185955192        123MiB |
|    0   N/A  N/A          362956      G   kitty                                    21MiB |
|    0   N/A  N/A          405792      G   kitty                                    19MiB |
|    0   N/A  N/A          406752      G   kitty                                    35MiB |
|    0   N/A  N/A          423941      C   llama-server                          13526MiB |
|    0   N/A  N/A          424886      G   kitty                                    41MiB |
+-----------------------------------------------------------------------------------------+
---
Mon Sep 14 04:41:31 PM UTC 2026
14380 MiB, 16311 MiB
Mon Sep 14 13:41:31 2026       
+-----------------------------------------------------------------------------------------+
| NVIDIA-SMI 610.57.04              KMD Version: 610.57.04     CUDA UMD Version: 13.3     |
+-----------------------------------------+------------------------+----------------------+
| GPU  Name                 Persistence-M | Bus-Id          Disp.A | Volatile Uncorr. ECC |
| Fan  Temp   Perf          Pwr:Usage/Cap |           Memory-Usage | GPU-Util  Compute M. |
|                                         |                        |               MIG M. |
|=========================================+========================+======================|
|   0  NVIDIA GeForce RTX 5060 Ti     Off |   00000000:01:00.0  On |                  N/A |
| 53%   60C    P1            180W /  180W |   14380MiB /  16311MiB |     99%      Default |
|                                         |                        |                  N/A |
+-----------------------------------------+------------------------+----------------------+

+-----------------------------------------------------------------------------------------+
| Processes:                                                                              |
|  GPU   GI   CI              PID   Type   Process name                        GPU Memory |
|        ID   ID                                                               Usage      |
|=========================================================================================|
|    0   N/A  N/A            1287      G   Hyprland                                206MiB |
|    0   N/A  N/A            1347      G   quickshell                               74MiB |
|    0   N/A  N/A            1374      G   Xwayland                                  2MiB |
|    0   N/A  N/A            2226    C+G   ...rack-uuid=3190708988185955192         17MiB |
|    0   N/A  N/A            3150    C+G   ...rack-uuid=3190708988185955192        124MiB |
|    0   N/A  N/A          362956      G   kitty                                    21MiB |
|    0   N/A  N/A          405792      G   kitty                                    19MiB |
|    0   N/A  N/A          406752      G   kitty                                    35MiB |
|    0   N/A  N/A          423941      C   llama-server                          13526MiB |
|    0   N/A  N/A          424886      G   kitty                                    41MiB |
+-----------------------------------------------------------------------------------------+
---
Mon Sep 14 04:42:31 PM UTC 2026
14528 MiB, 16311 MiB
Mon Sep 14 13:42:31 2026       
+-----------------------------------------------------------------------------------------+
| NVIDIA-SMI 610.57.04              KMD Version: 610.57.04     CUDA UMD Version: 13.3     |
+-----------------------------------------+------------------------+----------------------+
| GPU  Name                 Persistence-M | Bus-Id          Disp.A | Volatile Uncorr. ECC |
| Fan  Temp   Perf          Pwr:Usage/Cap |           Memory-Usage | GPU-Util  Compute M. |
|                                         |                        |               MIG M. |
|=========================================+========================+======================|
|   0  NVIDIA GeForce RTX 5060 Ti     Off |   00000000:01:00.0  On |                  N/A |
| 53%   57C    P1            176W /  180W |   14528MiB /  16311MiB |     98%      Default |
|                                         |                        |                  N/A |
+-----------------------------------------+------------------------+----------------------+

+-----------------------------------------------------------------------------------------+
| Processes:                                                                              |
|  GPU   GI   CI              PID   Type   Process name                        GPU Memory |
|        ID   ID                                                               Usage      |
|=========================================================================================|
|    0   N/A  N/A            1287      G   Hyprland                                206MiB |
|    0   N/A  N/A            1347      G   quickshell                               74MiB |
|    0   N/A  N/A            1374      G   Xwayland                                  2MiB |
|    0   N/A  N/A            2226    C+G   ...rack-uuid=3190708988185955192         17MiB |
|    0   N/A  N/A            3150    C+G   ...rack-uuid=3190708988185955192        271MiB |
|    0   N/A  N/A          362956      G   kitty                                    21MiB |
|    0   N/A  N/A          405792      G   kitty                                    19MiB |
|    0   N/A  N/A          406752      G   kitty                                    35MiB |
|    0   N/A  N/A          423941      C   llama-server                          13526MiB |
|    0   N/A  N/A          424886      G   kitty                                    41MiB |
+-----------------------------------------------------------------------------------------+
---
Mon Sep 14 04:43:31 PM UTC 2026
14389 MiB, 16311 MiB
Mon Sep 14 13:43:31 2026       
+-----------------------------------------------------------------------------------------+
| NVIDIA-SMI 610.57.04              KMD Version: 610.57.04     CUDA UMD Version: 13.3     |
+-----------------------------------------+------------------------+----------------------+
| GPU  Name                 Persistence-M | Bus-Id          Disp.A | Volatile Uncorr. ECC |
| Fan  Temp   Perf          Pwr:Usage/Cap |           Memory-Usage | GPU-Util  Compute M. |
|                                         |                        |               MIG M. |
|=========================================+========================+======================|
|   0  NVIDIA GeForce RTX 5060 Ti     Off |   00000000:01:00.0  On |                  N/A |
| 53%   60C    P1            180W /  180W |   14389MiB /  16311MiB |     98%      Default |
|                                         |                        |                  N/A |
+-----------------------------------------+------------------------+----------------------+

+-----------------------------------------------------------------------------------------+
| Processes:                                                                              |
|  GPU   GI   CI              PID   Type   Process name                        GPU Memory |
|        ID   ID                                                               Usage      |
|=========================================================================================|
|    0   N/A  N/A            1287      G   Hyprland                                206MiB |
|    0   N/A  N/A            1347      G   quickshell                               74MiB |
|    0   N/A  N/A            1374      G   Xwayland                                  2MiB |
|    0   N/A  N/A            2226    C+G   ...rack-uuid=3190708988185955192         17MiB |
|    0   N/A  N/A            3150    C+G   ...rack-uuid=3190708988185955192        133MiB |
|    0   N/A  N/A          362956      G   kitty                                    21MiB |
|    0   N/A  N/A          405792      G   kitty                                    19MiB |
|    0   N/A  N/A          406752      G   kitty                                    35MiB |
|    0   N/A  N/A          423941      C   llama-server                          13526MiB |
|    0   N/A  N/A          424886      G   kitty                                    41MiB |
+-----------------------------------------------------------------------------------------+
---
Mon Sep 14 04:44:31 PM UTC 2026
14382 MiB, 16311 MiB
Mon Sep 14 13:44:31 2026       
+-----------------------------------------------------------------------------------------+
| NVIDIA-SMI 610.57.04              KMD Version: 610.57.04     CUDA UMD Version: 13.3     |
+-----------------------------------------+------------------------+----------------------+
| GPU  Name                 Persistence-M | Bus-Id          Disp.A | Volatile Uncorr. ECC |
| Fan  Temp   Perf          Pwr:Usage/Cap |           Memory-Usage | GPU-Util  Compute M. |
|                                         |                        |               MIG M. |
|=========================================+========================+======================|
|   0  NVIDIA GeForce RTX 5060 Ti     Off |   00000000:01:00.0  On |                  N/A |
| 52%   60C    P1            179W /  180W |   14382MiB /  16311MiB |     98%      Default |
|                                         |                        |                  N/A |
+-----------------------------------------+------------------------+----------------------+

+-----------------------------------------------------------------------------------------+
| Processes:                                                                              |
|  GPU   GI   CI              PID   Type   Process name                        GPU Memory |
|        ID   ID                                                               Usage      |
|=========================================================================================|
|    0   N/A  N/A            1287      G   Hyprland                                206MiB |
|    0   N/A  N/A            1347      G   quickshell                               74MiB |
|    0   N/A  N/A            1374      G   Xwayland                                  2MiB |
|    0   N/A  N/A            2226    C+G   ...rack-uuid=3190708988185955192         17MiB |
|    0   N/A  N/A            3150    C+G   ...rack-uuid=3190708988185955192        126MiB |
|    0   N/A  N/A          362956      G   kitty                                    21MiB |
|    0   N/A  N/A          405792      G   kitty                                    19MiB |
|    0   N/A  N/A          406752      G   kitty                                    35MiB |
|    0   N/A  N/A          423941      C   llama-server                          13526MiB |
|    0   N/A  N/A          424886      G   kitty                                    41MiB |
+-----------------------------------------------------------------------------------------+
---
Mon Sep 14 04:45:31 PM UTC 2026
14413 MiB, 16311 MiB
Mon Sep 14 13:45:31 2026       
+-----------------------------------------------------------------------------------------+
| NVIDIA-SMI 610.57.04              KMD Version: 610.57.04     CUDA UMD Version: 13.3     |
+-----------------------------------------+------------------------+----------------------+
| GPU  Name                 Persistence-M | Bus-Id          Disp.A | Volatile Uncorr. ECC |
| Fan  Temp   Perf          Pwr:Usage/Cap |           Memory-Usage | GPU-Util  Compute M. |
|                                         |                        |               MIG M. |
|=========================================+========================+======================|
|   0  NVIDIA GeForce RTX 5060 Ti     Off |   00000000:01:00.0  On |                  N/A |
| 52%   59C    P1            179W /  180W |   14413MiB /  16311MiB |     98%      Default |
|                                         |                        |                  N/A |
+-----------------------------------------+------------------------+----------------------+

+-----------------------------------------------------------------------------------------+
| Processes:                                                                              |
|  GPU   GI   CI              PID   Type   Process name                        GPU Memory |
|        ID   ID                                                               Usage      |
|=========================================================================================|
|    0   N/A  N/A            1287      G   Hyprland                                206MiB |
|    0   N/A  N/A            1347      G   quickshell                               74MiB |
|    0   N/A  N/A            1374      G   Xwayland                                  2MiB |
|    0   N/A  N/A            2226    C+G   ...rack-uuid=3190708988185955192         17MiB |
|    0   N/A  N/A            3150    C+G   ...rack-uuid=3190708988185955192        157MiB |
|    0   N/A  N/A          362956      G   kitty                                    21MiB |
|    0   N/A  N/A          405792      G   kitty                                    19MiB |
|    0   N/A  N/A          406752      G   kitty                                    35MiB |
|    0   N/A  N/A          423941      C   llama-server                          13526MiB |
|    0   N/A  N/A          424886      G   kitty                                    41MiB |
+-----------------------------------------------------------------------------------------+
---
Mon Sep 14 04:46:31 PM UTC 2026
14415 MiB, 16311 MiB
Mon Sep 14 13:46:31 2026       
+-----------------------------------------------------------------------------------------+
| NVIDIA-SMI 610.57.04              KMD Version: 610.57.04     CUDA UMD Version: 13.3     |
+-----------------------------------------+------------------------+----------------------+
| GPU  Name                 Persistence-M | Bus-Id          Disp.A | Volatile Uncorr. ECC |
| Fan  Temp   Perf          Pwr:Usage/Cap |           Memory-Usage | GPU-Util  Compute M. |
|                                         |                        |               MIG M. |
|=========================================+========================+======================|
|   0  NVIDIA GeForce RTX 5060 Ti     Off |   00000000:01:00.0  On |                  N/A |
| 53%   60C    P1            179W /  180W |   14415MiB /  16311MiB |     98%      Default |
|                                         |                        |                  N/A |
+-----------------------------------------+------------------------+----------------------+

+-----------------------------------------------------------------------------------------+
| Processes:                                                                              |
|  GPU   GI   CI              PID   Type   Process name                        GPU Memory |
|        ID   ID                                                               Usage      |
|=========================================================================================|
|    0   N/A  N/A            1287      G   Hyprland                                206MiB |
|    0   N/A  N/A            1347      G   quickshell                               74MiB |
|    0   N/A  N/A            1374      G   Xwayland                                  2MiB |
|    0   N/A  N/A            2226    C+G   ...rack-uuid=3190708988185955192         17MiB |
|    0   N/A  N/A            3150    C+G   ...rack-uuid=3190708988185955192        159MiB |
|    0   N/A  N/A          362956      G   kitty                                    21MiB |
|    0   N/A  N/A          405792      G   kitty                                    19MiB |
|    0   N/A  N/A          406752      G   kitty                                    35MiB |
|    0   N/A  N/A          423941      C   llama-server                          13526MiB |
|    0   N/A  N/A          424886      G   kitty                                    41MiB |
+-----------------------------------------------------------------------------------------+
---
Mon Sep 14 04:47:31 PM UTC 2026
14414 MiB, 16311 MiB
Mon Sep 14 13:47:32 2026       
+-----------------------------------------------------------------------------------------+
| NVIDIA-SMI 610.57.04              KMD Version: 610.57.04     CUDA UMD Version: 13.3     |
+-----------------------------------------+------------------------+----------------------+
| GPU  Name                 Persistence-M | Bus-Id          Disp.A | Volatile Uncorr. ECC |
| Fan  Temp   Perf          Pwr:Usage/Cap |           Memory-Usage | GPU-Util  Compute M. |
|                                         |                        |               MIG M. |
|=========================================+========================+======================|
|   0  NVIDIA GeForce RTX 5060 Ti     Off |   00000000:01:00.0  On |                  N/A |
| 53%   60C    P1            179W /  180W |   14414MiB /  16311MiB |     98%      Default |
|                                         |                        |                  N/A |
+-----------------------------------------+------------------------+----------------------+

+-----------------------------------------------------------------------------------------+
| Processes:                                                                              |
|  GPU   GI   CI              PID   Type   Process name                        GPU Memory |
|        ID   ID                                                               Usage      |
|=========================================================================================|
|    0   N/A  N/A            1287      G   Hyprland                                206MiB |
|    0   N/A  N/A            1347      G   quickshell                               74MiB |
|    0   N/A  N/A            1374      G   Xwayland                                  2MiB |
|    0   N/A  N/A            2226    C+G   ...rack-uuid=3190708988185955192         17MiB |
|    0   N/A  N/A            3150    C+G   ...rack-uuid=3190708988185955192        158MiB |
|    0   N/A  N/A          362956      G   kitty                                    21MiB |
|    0   N/A  N/A          405792      G   kitty                                    19MiB |
|    0   N/A  N/A          406752      G   kitty                                    35MiB |
|    0   N/A  N/A          423941      C   llama-server                          13526MiB |
|    0   N/A  N/A          424886      G   kitty                                    41MiB |
+-----------------------------------------------------------------------------------------+
---
Mon Sep 14 04:48:32 PM UTC 2026
14553 MiB, 16311 MiB
Mon Sep 14 13:48:32 2026       
+-----------------------------------------------------------------------------------------+
| NVIDIA-SMI 610.57.04              KMD Version: 610.57.04     CUDA UMD Version: 13.3     |
+-----------------------------------------+------------------------+----------------------+
| GPU  Name                 Persistence-M | Bus-Id          Disp.A | Volatile Uncorr. ECC |
| Fan  Temp   Perf          Pwr:Usage/Cap |           Memory-Usage | GPU-Util  Compute M. |
|                                         |                        |               MIG M. |
|=========================================+========================+======================|
|   0  NVIDIA GeForce RTX 5060 Ti     Off |   00000000:01:00.0  On |                  N/A |
| 53%   60C    P1            178W /  180W |   14553MiB /  16311MiB |     98%      Default |
|                                         |                        |                  N/A |
+-----------------------------------------+------------------------+----------------------+

+-----------------------------------------------------------------------------------------+
| Processes:                                                                              |
|  GPU   GI   CI              PID   Type   Process name                        GPU Memory |
|        ID   ID                                                               Usage      |
|=========================================================================================|
|    0   N/A  N/A            1287      G   Hyprland                                206MiB |
|    0   N/A  N/A            1347      G   quickshell                               74MiB |
|    0   N/A  N/A            1374      G   Xwayland                                  2MiB |
|    0   N/A  N/A            2226    C+G   ...rack-uuid=3190708988185955192         17MiB |
|    0   N/A  N/A            3150    C+G   ...rack-uuid=3190708988185955192        297MiB |
|    0   N/A  N/A          362956      G   kitty                                    21MiB |
|    0   N/A  N/A          405792      G   kitty                                    19MiB |
|    0   N/A  N/A          406752      G   kitty                                    35MiB |
|    0   N/A  N/A          423941      C   llama-server                          13526MiB |
|    0   N/A  N/A          424886      G   kitty                                    41MiB |
+-----------------------------------------------------------------------------------------+
---
Mon Sep 14 04:49:32 PM UTC 2026
14412 MiB, 16311 MiB
Mon Sep 14 13:49:32 2026       
+-----------------------------------------------------------------------------------------+
| NVIDIA-SMI 610.57.04              KMD Version: 610.57.04     CUDA UMD Version: 13.3     |
+-----------------------------------------+------------------------+----------------------+
| GPU  Name                 Persistence-M | Bus-Id          Disp.A | Volatile Uncorr. ECC |
| Fan  Temp   Perf          Pwr:Usage/Cap |           Memory-Usage | GPU-Util  Compute M. |
|                                         |                        |               MIG M. |
|=========================================+========================+======================|
|   0  NVIDIA GeForce RTX 5060 Ti     Off |   00000000:01:00.0  On |                  N/A |
| 31%   36C    P8              8W /  180W |   14412MiB /  16311MiB |      1%      Default |
|                                         |                        |                  N/A |
+-----------------------------------------+------------------------+----------------------+

+-----------------------------------------------------------------------------------------+
| Processes:                                                                              |
|  GPU   GI   CI              PID   Type   Process name                        GPU Memory |
|        ID   ID                                                               Usage      |
|=========================================================================================|
|    0   N/A  N/A            1287      G   Hyprland                                206MiB |
|    0   N/A  N/A            1347      G   quickshell                               74MiB |
|    0   N/A  N/A            1374      G   Xwayland                                  2MiB |
|    0   N/A  N/A            2226    C+G   ...rack-uuid=3190708988185955192         17MiB |
|    0   N/A  N/A            3150    C+G   ...rack-uuid=3190708988185955192        156MiB |
|    0   N/A  N/A          362956      G   kitty                                    21MiB |
|    0   N/A  N/A          405792      G   kitty                                    19MiB |
|    0   N/A  N/A          406752      G   kitty                                    35MiB |
|    0   N/A  N/A          423941      C   llama-server                          13526MiB |
|    0   N/A  N/A          424886      G   kitty                                    41MiB |
+-----------------------------------------------------------------------------------------+
---
Mon Sep 14 04:50:32 PM UTC 2026
14414 MiB, 16311 MiB
Mon Sep 14 13:50:32 2026       
+-----------------------------------------------------------------------------------------+
| NVIDIA-SMI 610.57.04              KMD Version: 610.57.04     CUDA UMD Version: 13.3     |
+-----------------------------------------+------------------------+----------------------+
| GPU  Name                 Persistence-M | Bus-Id          Disp.A | Volatile Uncorr. ECC |
| Fan  Temp   Perf          Pwr:Usage/Cap |           Memory-Usage | GPU-Util  Compute M. |
|                                         |                        |               MIG M. |
|=========================================+========================+======================|
|   0  NVIDIA GeForce RTX 5060 Ti     Off |   00000000:01:00.0  On |                  N/A |
|  0%   34C    P8              8W /  180W |   14414MiB /  16311MiB |      0%      Default |
|                                         |                        |                  N/A |
+-----------------------------------------+------------------------+----------------------+

+-----------------------------------------------------------------------------------------+
| Processes:                                                                              |
|  GPU   GI   CI              PID   Type   Process name                        GPU Memory |
|        ID   ID                                                               Usage      |
|=========================================================================================|
|    0   N/A  N/A            1287      G   Hyprland                                206MiB |
|    0   N/A  N/A            1347      G   quickshell                               74MiB |
|    0   N/A  N/A            1374      G   Xwayland                                  2MiB |
|    0   N/A  N/A            2226    C+G   ...rack-uuid=3190708988185955192         17MiB |
|    0   N/A  N/A            3150    C+G   ...rack-uuid=3190708988185955192        157MiB |
|    0   N/A  N/A          362956      G   kitty                                    21MiB |
|    0   N/A  N/A          405792      G   kitty                                    19MiB |
|    0   N/A  N/A          406752      G   kitty                                    35MiB |
|    0   N/A  N/A          423941      C   llama-server                          13526MiB |
|    0   N/A  N/A          424886      G   kitty                                    41MiB |
+-----------------------------------------------------------------------------------------+
---
Mon Sep 14 04:51:32 PM UTC 2026
14412 MiB, 16311 MiB
Mon Sep 14 13:51:32 2026       
+-----------------------------------------------------------------------------------------+
| NVIDIA-SMI 610.57.04              KMD Version: 610.57.04     CUDA UMD Version: 13.3     |
+-----------------------------------------+------------------------+----------------------+
| GPU  Name                 Persistence-M | Bus-Id          Disp.A | Volatile Uncorr. ECC |
| Fan  Temp   Perf          Pwr:Usage/Cap |           Memory-Usage | GPU-Util  Compute M. |
|                                         |                        |               MIG M. |
|=========================================+========================+======================|
|   0  NVIDIA GeForce RTX 5060 Ti     Off |   00000000:01:00.0  On |                  N/A |
|  0%   34C    P8              8W /  180W |   14412MiB /  16311MiB |      3%      Default |
|                                         |                        |                  N/A |
+-----------------------------------------+------------------------+----------------------+

+-----------------------------------------------------------------------------------------+
| Processes:                                                                              |
|  GPU   GI   CI              PID   Type   Process name                        GPU Memory |
|        ID   ID                                                               Usage      |
|=========================================================================================|
|    0   N/A  N/A            1287      G   Hyprland                                206MiB |
|    0   N/A  N/A            1347      G   quickshell                               74MiB |
|    0   N/A  N/A            1374      G   Xwayland                                  2MiB |
|    0   N/A  N/A            2226    C+G   ...rack-uuid=3190708988185955192         17MiB |
|    0   N/A  N/A            3150    C+G   ...rack-uuid=3190708988185955192        155MiB |
|    0   N/A  N/A          362956      G   kitty                                    21MiB |
|    0   N/A  N/A          405792      G   kitty                                    19MiB |
|    0   N/A  N/A          406752      G   kitty                                    35MiB |
|    0   N/A  N/A          423941      C   llama-server                          13526MiB |
|    0   N/A  N/A          424886      G   kitty                                    41MiB |
+-----------------------------------------------------------------------------------------+
---
Mon Sep 14 04:52:32 PM UTC 2026
14515 MiB, 16311 MiB
Mon Sep 14 13:52:32 2026       
+-----------------------------------------------------------------------------------------+
| NVIDIA-SMI 610.57.04              KMD Version: 610.57.04     CUDA UMD Version: 13.3     |
+-----------------------------------------+------------------------+----------------------+
| GPU  Name                 Persistence-M | Bus-Id          Disp.A | Volatile Uncorr. ECC |
| Fan  Temp   Perf          Pwr:Usage/Cap |           Memory-Usage | GPU-Util  Compute M. |
|                                         |                        |               MIG M. |
|=========================================+========================+======================|
|   0  NVIDIA GeForce RTX 5060 Ti     Off |   00000000:01:00.0  On |                  N/A |
|  0%   35C    P3             14W /  180W |   14515MiB /  16311MiB |      1%      Default |
|                                         |                        |                  N/A |
+-----------------------------------------+------------------------+----------------------+

+-----------------------------------------------------------------------------------------+
| Processes:                                                                              |
|  GPU   GI   CI              PID   Type   Process name                        GPU Memory |
|        ID   ID                                                               Usage      |
|=========================================================================================|
|    0   N/A  N/A            1287      G   Hyprland                                206MiB |
|    0   N/A  N/A            1347      G   quickshell                               74MiB |
|    0   N/A  N/A            1374      G   Xwayland                                  2MiB |
|    0   N/A  N/A            2226    C+G   ...rack-uuid=3190708988185955192         17MiB |
|    0   N/A  N/A            3150    C+G   ...rack-uuid=3190708988185955192        258MiB |
|    0   N/A  N/A          362956      G   kitty                                    21MiB |
|    0   N/A  N/A          405792      G   kitty                                    19MiB |
|    0   N/A  N/A          406752      G   kitty                                    35MiB |
|    0   N/A  N/A          423941      C   llama-server                          13526MiB |
|    0   N/A  N/A          424886      G   kitty                                    41MiB |
+-----------------------------------------------------------------------------------------+
---
Mon Sep 14 04:53:32 PM UTC 2026
14410 MiB, 16311 MiB
Mon Sep 14 13:53:32 2026       
+-----------------------------------------------------------------------------------------+
| NVIDIA-SMI 610.57.04              KMD Version: 610.57.04     CUDA UMD Version: 13.3     |
+-----------------------------------------+------------------------+----------------------+
| GPU  Name                 Persistence-M | Bus-Id          Disp.A | Volatile Uncorr. ECC |
| Fan  Temp   Perf          Pwr:Usage/Cap |           Memory-Usage | GPU-Util  Compute M. |
|                                         |                        |               MIG M. |
|=========================================+========================+======================|
|   0  NVIDIA GeForce RTX 5060 Ti     Off |   00000000:01:00.0  On |                  N/A |
|  0%   34C    P8              8W /  180W |   14410MiB /  16311MiB |      0%      Default |
|                                         |                        |                  N/A |
+-----------------------------------------+------------------------+----------------------+

+-----------------------------------------------------------------------------------------+
| Processes:                                                                              |
|  GPU   GI   CI              PID   Type   Process name                        GPU Memory |
|        ID   ID                                                               Usage      |
|=========================================================================================|
|    0   N/A  N/A            1287      G   Hyprland                                206MiB |
|    0   N/A  N/A            1347      G   quickshell                               74MiB |
|    0   N/A  N/A            1374      G   Xwayland                                  2MiB |
|    0   N/A  N/A            2226    C+G   ...rack-uuid=3190708988185955192         17MiB |
|    0   N/A  N/A            3150    C+G   ...rack-uuid=3190708988185955192        154MiB |
|    0   N/A  N/A          362956      G   kitty                                    21MiB |
|    0   N/A  N/A          405792      G   kitty                                    19MiB |
|    0   N/A  N/A          406752      G   kitty                                    35MiB |
|    0   N/A  N/A          423941      C   llama-server                          13526MiB |
|    0   N/A  N/A          424886      G   kitty                                    41MiB |
+-----------------------------------------------------------------------------------------+
---
Mon Sep 14 04:54:32 PM UTC 2026
14570 MiB, 16311 MiB
Mon Sep 14 13:54:32 2026       
+-----------------------------------------------------------------------------------------+
| NVIDIA-SMI 610.57.04              KMD Version: 610.57.04     CUDA UMD Version: 13.3     |
+-----------------------------------------+------------------------+----------------------+
| GPU  Name                 Persistence-M | Bus-Id          Disp.A | Volatile Uncorr. ECC |
| Fan  Temp   Perf          Pwr:Usage/Cap |           Memory-Usage | GPU-Util  Compute M. |
|                                         |                        |               MIG M. |
|=========================================+========================+======================|
|   0  NVIDIA GeForce RTX 5060 Ti     Off |   00000000:01:00.0  On |                  N/A |
|  0%   35C    P1             20W /  180W |   14570MiB /  16311MiB |      0%      Default |
|                                         |                        |                  N/A |
+-----------------------------------------+------------------------+----------------------+

+-----------------------------------------------------------------------------------------+
| Processes:                                                                              |
|  GPU   GI   CI              PID   Type   Process name                        GPU Memory |
|        ID   ID                                                               Usage      |
|=========================================================================================|
|    0   N/A  N/A            1287      G   Hyprland                                206MiB |
|    0   N/A  N/A            1347      G   quickshell                               74MiB |
|    0   N/A  N/A            1374      G   Xwayland                                  2MiB |
|    0   N/A  N/A            2226    C+G   ...rack-uuid=3190708988185955192         17MiB |
|    0   N/A  N/A            3150    C+G   ...rack-uuid=3190708988185955192        313MiB |
|    0   N/A  N/A          362956      G   kitty                                    21MiB |
|    0   N/A  N/A          405792      G   kitty                                    19MiB |
|    0   N/A  N/A          406752      G   kitty                                    35MiB |
|    0   N/A  N/A          423941      C   llama-server                          13526MiB |
|    0   N/A  N/A          424886      G   kitty                                    41MiB |
+-----------------------------------------------------------------------------------------+
---
Mon Sep 14 04:55:32 PM UTC 2026
14605 MiB, 16311 MiB
Mon Sep 14 13:55:32 2026       
+-----------------------------------------------------------------------------------------+
| NVIDIA-SMI 610.57.04              KMD Version: 610.57.04     CUDA UMD Version: 13.3     |
+-----------------------------------------+------------------------+----------------------+
| GPU  Name                 Persistence-M | Bus-Id          Disp.A | Volatile Uncorr. ECC |
| Fan  Temp   Perf          Pwr:Usage/Cap |           Memory-Usage | GPU-Util  Compute M. |
|                                         |                        |               MIG M. |
|=========================================+========================+======================|
|   0  NVIDIA GeForce RTX 5060 Ti     Off |   00000000:01:00.0  On |                  N/A |
|  0%   35C    P3             17W /  180W |   14605MiB /  16311MiB |      5%      Default |
|                                         |                        |                  N/A |
+-----------------------------------------+------------------------+----------------------+

+-----------------------------------------------------------------------------------------+
| Processes:                                                                              |
|  GPU   GI   CI              PID   Type   Process name                        GPU Memory |
|        ID   ID                                                               Usage      |
|=========================================================================================|
|    0   N/A  N/A            1287      G   Hyprland                                206MiB |
|    0   N/A  N/A            1347      G   quickshell                               74MiB |
|    0   N/A  N/A            1374      G   Xwayland                                  2MiB |
|    0   N/A  N/A            2226    C+G   ...rack-uuid=3190708988185955192         17MiB |
|    0   N/A  N/A            3150    C+G   ...rack-uuid=3190708988185955192        348MiB |
|    0   N/A  N/A          362956      G   kitty                                    21MiB |
|    0   N/A  N/A          405792      G   kitty                                    19MiB |
|    0   N/A  N/A          406752      G   kitty                                    35MiB |
|    0   N/A  N/A          423941      C   llama-server                          13526MiB |
|    0   N/A  N/A          424886      G   kitty                                    41MiB |
+-----------------------------------------------------------------------------------------+
---
Mon Sep 14 04:56:32 PM UTC 2026
14444 MiB, 16311 MiB
Mon Sep 14 13:56:32 2026       
+-----------------------------------------------------------------------------------------+
| NVIDIA-SMI 610.57.04              KMD Version: 610.57.04     CUDA UMD Version: 13.3     |
+-----------------------------------------+------------------------+----------------------+
| GPU  Name                 Persistence-M | Bus-Id          Disp.A | Volatile Uncorr. ECC |
| Fan  Temp   Perf          Pwr:Usage/Cap |           Memory-Usage | GPU-Util  Compute M. |
|                                         |                        |               MIG M. |
|=========================================+========================+======================|
|   0  NVIDIA GeForce RTX 5060 Ti     Off |   00000000:01:00.0  On |                  N/A |
|  0%   35C    P5             11W /  180W |   14444MiB /  16311MiB |      0%      Default |
|                                         |                        |                  N/A |
+-----------------------------------------+------------------------+----------------------+

+-----------------------------------------------------------------------------------------+
| Processes:                                                                              |
|  GPU   GI   CI              PID   Type   Process name                        GPU Memory |
|        ID   ID                                                               Usage      |
|=========================================================================================|
|    0   N/A  N/A            1287      G   Hyprland                                206MiB |
|    0   N/A  N/A            1347      G   quickshell                               74MiB |
|    0   N/A  N/A            1374      G   Xwayland                                  2MiB |
|    0   N/A  N/A            2226    C+G   ...rack-uuid=3190708988185955192         17MiB |
|    0   N/A  N/A            3150    C+G   ...rack-uuid=3190708988185955192        187MiB |
|    0   N/A  N/A          362956      G   kitty                                    21MiB |
|    0   N/A  N/A          405792      G   kitty                                    19MiB |
|    0   N/A  N/A          406752      G   kitty                                    35MiB |
|    0   N/A  N/A          423941      C   llama-server                          13526MiB |
|    0   N/A  N/A          424886      G   kitty                                    41MiB |
+-----------------------------------------------------------------------------------------+
---
Mon Sep 14 04:57:32 PM UTC 2026
14444 MiB, 16311 MiB
Mon Sep 14 13:57:32 2026       
+-----------------------------------------------------------------------------------------+
| NVIDIA-SMI 610.57.04              KMD Version: 610.57.04     CUDA UMD Version: 13.3     |
+-----------------------------------------+------------------------+----------------------+
| GPU  Name                 Persistence-M | Bus-Id          Disp.A | Volatile Uncorr. ECC |
| Fan  Temp   Perf          Pwr:Usage/Cap |           Memory-Usage | GPU-Util  Compute M. |
|                                         |                        |               MIG M. |
|=========================================+========================+======================|
|   0  NVIDIA GeForce RTX 5060 Ti     Off |   00000000:01:00.0  On |                  N/A |
|  0%   34C    P3             12W /  180W |   14444MiB /  16311MiB |      0%      Default |
|                                         |                        |                  N/A |
+-----------------------------------------+------------------------+----------------------+

+-----------------------------------------------------------------------------------------+
| Processes:                                                                              |
|  GPU   GI   CI              PID   Type   Process name                        GPU Memory |
|        ID   ID                                                               Usage      |
|=========================================================================================|
|    0   N/A  N/A            1287      G   Hyprland                                206MiB |
|    0   N/A  N/A            1347      G   quickshell                               74MiB |
|    0   N/A  N/A            1374      G   Xwayland                                  2MiB |
|    0   N/A  N/A            2226    C+G   ...rack-uuid=3190708988185955192         17MiB |
|    0   N/A  N/A            3150    C+G   ...rack-uuid=3190708988185955192        187MiB |
|    0   N/A  N/A          362956      G   kitty                                    21MiB |
|    0   N/A  N/A          405792      G   kitty                                    19MiB |
|    0   N/A  N/A          406752      G   kitty                                    35MiB |
|    0   N/A  N/A          423941      C   llama-server                          13526MiB |
|    0   N/A  N/A          424886      G   kitty                                    41MiB |
+-----------------------------------------------------------------------------------------+
---
Mon Sep 14 04:58:32 PM UTC 2026
14445 MiB, 16311 MiB
Mon Sep 14 13:58:32 2026       
+-----------------------------------------------------------------------------------------+
| NVIDIA-SMI 610.57.04              KMD Version: 610.57.04     CUDA UMD Version: 13.3     |
+-----------------------------------------+------------------------+----------------------+
| GPU  Name                 Persistence-M | Bus-Id          Disp.A | Volatile Uncorr. ECC |
| Fan  Temp   Perf          Pwr:Usage/Cap |           Memory-Usage | GPU-Util  Compute M. |
|                                         |                        |               MIG M. |
|=========================================+========================+======================|
|   0  NVIDIA GeForce RTX 5060 Ti     Off |   00000000:01:00.0  On |                  N/A |
|  0%   34C    P3             12W /  180W |   14445MiB /  16311MiB |      0%      Default |
|                                         |                        |                  N/A |
+-----------------------------------------+------------------------+----------------------+

+-----------------------------------------------------------------------------------------+
| Processes:                                                                              |
|  GPU   GI   CI              PID   Type   Process name                        GPU Memory |
|        ID   ID                                                               Usage      |
|=========================================================================================|
|    0   N/A  N/A            1287      G   Hyprland                                206MiB |
|    0   N/A  N/A            1347      G   quickshell                               74MiB |
|    0   N/A  N/A            1374      G   Xwayland                                  2MiB |
|    0   N/A  N/A            2226    C+G   ...rack-uuid=3190708988185955192         17MiB |
|    0   N/A  N/A            3150    C+G   ...rack-uuid=3190708988185955192        188MiB |
|    0   N/A  N/A          362956      G   kitty                                    21MiB |
|    0   N/A  N/A          405792      G   kitty                                    19MiB |
|    0   N/A  N/A          406752      G   kitty                                    35MiB |
|    0   N/A  N/A          423941      C   llama-server                          13526MiB |
|    0   N/A  N/A          424886      G   kitty                                    41MiB |
+-----------------------------------------------------------------------------------------+
---
Mon Sep 14 04:59:32 PM UTC 2026
14523 MiB, 16311 MiB
Mon Sep 14 13:59:32 2026       
+-----------------------------------------------------------------------------------------+
| NVIDIA-SMI 610.57.04              KMD Version: 610.57.04     CUDA UMD Version: 13.3     |
+-----------------------------------------+------------------------+----------------------+
| GPU  Name                 Persistence-M | Bus-Id          Disp.A | Volatile Uncorr. ECC |
| Fan  Temp   Perf          Pwr:Usage/Cap |           Memory-Usage | GPU-Util  Compute M. |
|                                         |                        |               MIG M. |
|=========================================+========================+======================|
|   0  NVIDIA GeForce RTX 5060 Ti     Off |   00000000:01:00.0  On |                  N/A |
|  0%   36C    P3             18W /  180W |   14523MiB /  16311MiB |      5%      Default |
|                                         |                        |                  N/A |
+-----------------------------------------+------------------------+----------------------+

+-----------------------------------------------------------------------------------------+
| Processes:                                                                              |
|  GPU   GI   CI              PID   Type   Process name                        GPU Memory |
|        ID   ID                                                               Usage      |
|=========================================================================================|
|    0   N/A  N/A            1287      G   Hyprland                                206MiB |
|    0   N/A  N/A            1347      G   quickshell                               74MiB |
|    0   N/A  N/A            1374      G   Xwayland                                  2MiB |
|    0   N/A  N/A            2226    C+G   ...rack-uuid=3190708988185955192         17MiB |
|    0   N/A  N/A            3150    C+G   ...rack-uuid=3190708988185955192        188MiB |
|    0   N/A  N/A          362956      G   kitty                                    21MiB |
|    0   N/A  N/A          405792      G   kitty                                    19MiB |
|    0   N/A  N/A          406752      G   kitty                                    35MiB |
|    0   N/A  N/A          423941      C   llama-server                          13526MiB |
|    0   N/A  N/A          424886      G   kitty                                    41MiB |
|    0   N/A  N/A          571911      G   kitty                                    47MiB |
+-----------------------------------------------------------------------------------------+
---
Mon Sep 14 05:00:32 PM UTC 2026
14523 MiB, 16311 MiB
Mon Sep 14 14:00:32 2026       
+-----------------------------------------------------------------------------------------+
| NVIDIA-SMI 610.57.04              KMD Version: 610.57.04     CUDA UMD Version: 13.3     |
+-----------------------------------------+------------------------+----------------------+
| GPU  Name                 Persistence-M | Bus-Id          Disp.A | Volatile Uncorr. ECC |
| Fan  Temp   Perf          Pwr:Usage/Cap |           Memory-Usage | GPU-Util  Compute M. |
|                                         |                        |               MIG M. |
|=========================================+========================+======================|
|   0  NVIDIA GeForce RTX 5060 Ti     Off |   00000000:01:00.0  On |                  N/A |
|  0%   37C    P3             18W /  180W |   14523MiB /  16311MiB |      5%      Default |
|                                         |                        |                  N/A |
+-----------------------------------------+------------------------+----------------------+

+-----------------------------------------------------------------------------------------+
| Processes:                                                                              |
|  GPU   GI   CI              PID   Type   Process name                        GPU Memory |
|        ID   ID                                                               Usage      |
|=========================================================================================|
|    0   N/A  N/A            1287      G   Hyprland                                206MiB |
|    0   N/A  N/A            1347      G   quickshell                               74MiB |
|    0   N/A  N/A            1374      G   Xwayland                                  2MiB |
|    0   N/A  N/A            2226    C+G   ...rack-uuid=3190708988185955192         17MiB |
|    0   N/A  N/A            3150    C+G   ...rack-uuid=3190708988185955192        188MiB |
|    0   N/A  N/A          362956      G   kitty                                    21MiB |
|    0   N/A  N/A          405792      G   kitty                                    19MiB |
|    0   N/A  N/A          406752      G   kitty                                    35MiB |
|    0   N/A  N/A          423941      C   llama-server                          13526MiB |
|    0   N/A  N/A          424886      G   kitty                                    41MiB |
|    0   N/A  N/A          571911      G   kitty                                    47MiB |
+-----------------------------------------------------------------------------------------+
---
Mon Sep 14 05:01:32 PM UTC 2026
14665 MiB, 16311 MiB
Mon Sep 14 14:01:32 2026       
+-----------------------------------------------------------------------------------------+
| NVIDIA-SMI 610.57.04              KMD Version: 610.57.04     CUDA UMD Version: 13.3     |
+-----------------------------------------+------------------------+----------------------+
| GPU  Name                 Persistence-M | Bus-Id          Disp.A | Volatile Uncorr. ECC |
| Fan  Temp   Perf          Pwr:Usage/Cap |           Memory-Usage | GPU-Util  Compute M. |
|                                         |                        |               MIG M. |
|=========================================+========================+======================|
|   0  NVIDIA GeForce RTX 5060 Ti     Off |   00000000:01:00.0 Off |                  N/A |
|  0%   35C    P8              4W /  180W |   14665MiB /  16311MiB |      0%      Default |
|                                         |                        |                  N/A |
+-----------------------------------------+------------------------+----------------------+

+-----------------------------------------------------------------------------------------+
| Processes:                                                                              |
|  GPU   GI   CI              PID   Type   Process name                        GPU Memory |
|        ID   ID                                                               Usage      |
|=========================================================================================|
|    0   N/A  N/A            1287      G   Hyprland                                206MiB |
|    0   N/A  N/A            1347      G   quickshell                              279MiB |
|    0   N/A  N/A            1374      G   Xwayland                                  2MiB |
|    0   N/A  N/A            2226    C+G   ...rack-uuid=3190708988185955192         13MiB |
|    0   N/A  N/A            3150    C+G   ...rack-uuid=3190708988185955192        189MiB |
|    0   N/A  N/A          362956      G   kitty                                    21MiB |
|    0   N/A  N/A          405792      G   kitty                                    19MiB |
|    0   N/A  N/A          406752      G   kitty                                    35MiB |
|    0   N/A  N/A          423941      C   llama-server                          13526MiB |
|    0   N/A  N/A          424886      G   kitty                                    41MiB |
+-----------------------------------------------------------------------------------------+
---
Mon Sep 14 05:02:32 PM UTC 2026
14665 MiB, 16311 MiB
Mon Sep 14 14:02:32 2026       
+-----------------------------------------------------------------------------------------+
| NVIDIA-SMI 610.57.04              KMD Version: 610.57.04     CUDA UMD Version: 13.3     |
+-----------------------------------------+------------------------+----------------------+
| GPU  Name                 Persistence-M | Bus-Id          Disp.A | Volatile Uncorr. ECC |
| Fan  Temp   Perf          Pwr:Usage/Cap |           Memory-Usage | GPU-Util  Compute M. |
|                                         |                        |               MIG M. |
|=========================================+========================+======================|
|   0  NVIDIA GeForce RTX 5060 Ti     Off |   00000000:01:00.0 Off |                  N/A |
|  0%   34C    P8              5W /  180W |   14665MiB /  16311MiB |      0%      Default |
|                                         |                        |                  N/A |
+-----------------------------------------+------------------------+----------------------+

+-----------------------------------------------------------------------------------------+
| Processes:                                                                              |
|  GPU   GI   CI              PID   Type   Process name                        GPU Memory |
|        ID   ID                                                               Usage      |
|=========================================================================================|
|    0   N/A  N/A            1287      G   Hyprland                                206MiB |
|    0   N/A  N/A            1347      G   quickshell                              279MiB |
|    0   N/A  N/A            1374      G   Xwayland                                  2MiB |
|    0   N/A  N/A            2226    C+G   ...rack-uuid=3190708988185955192         13MiB |
|    0   N/A  N/A            3150    C+G   ...rack-uuid=3190708988185955192        189MiB |
|    0   N/A  N/A          362956      G   kitty                                    21MiB |
|    0   N/A  N/A          405792      G   kitty                                    19MiB |
|    0   N/A  N/A          406752      G   kitty                                    35MiB |
|    0   N/A  N/A          423941      C   llama-server                          13526MiB |
|    0   N/A  N/A          424886      G   kitty                                    41MiB |
+-----------------------------------------------------------------------------------------+
---
Mon Sep 14 05:03:32 PM UTC 2026
14665 MiB, 16311 MiB
Mon Sep 14 14:03:32 2026       
+-----------------------------------------------------------------------------------------+
| NVIDIA-SMI 610.57.04              KMD Version: 610.57.04     CUDA UMD Version: 13.3     |
+-----------------------------------------+------------------------+----------------------+
| GPU  Name                 Persistence-M | Bus-Id          Disp.A | Volatile Uncorr. ECC |
| Fan  Temp   Perf          Pwr:Usage/Cap |           Memory-Usage | GPU-Util  Compute M. |
|                                         |                        |               MIG M. |
|=========================================+========================+======================|
|   0  NVIDIA GeForce RTX 5060 Ti     Off |   00000000:01:00.0 Off |                  N/A |
|  0%   33C    P8              5W /  180W |   14665MiB /  16311MiB |      0%      Default |
|                                         |                        |                  N/A |
+-----------------------------------------+------------------------+----------------------+

+-----------------------------------------------------------------------------------------+
| Processes:                                                                              |
|  GPU   GI   CI              PID   Type   Process name                        GPU Memory |
|        ID   ID                                                               Usage      |
|=========================================================================================|
|    0   N/A  N/A            1287      G   Hyprland                                206MiB |
|    0   N/A  N/A            1347      G   quickshell                              279MiB |
|    0   N/A  N/A            1374      G   Xwayland                                  2MiB |
|    0   N/A  N/A            2226    C+G   ...rack-uuid=3190708988185955192         13MiB |
|    0   N/A  N/A            3150    C+G   ...rack-uuid=3190708988185955192        189MiB |
|    0   N/A  N/A          362956      G   kitty                                    21MiB |
|    0   N/A  N/A          405792      G   kitty                                    19MiB |
|    0   N/A  N/A          406752      G   kitty                                    35MiB |
|    0   N/A  N/A          423941      C   llama-server                          13526MiB |
|    0   N/A  N/A          424886      G   kitty                                    41MiB |
+-----------------------------------------------------------------------------------------+
---
Mon Sep 14 05:04:32 PM UTC 2026
14665 MiB, 16311 MiB
Mon Sep 14 14:04:32 2026       
+-----------------------------------------------------------------------------------------+
| NVIDIA-SMI 610.57.04              KMD Version: 610.57.04     CUDA UMD Version: 13.3     |
+-----------------------------------------+------------------------+----------------------+
| GPU  Name                 Persistence-M | Bus-Id          Disp.A | Volatile Uncorr. ECC |
| Fan  Temp   Perf          Pwr:Usage/Cap |           Memory-Usage | GPU-Util  Compute M. |
|                                         |                        |               MIG M. |
|=========================================+========================+======================|
|   0  NVIDIA GeForce RTX 5060 Ti     Off |   00000000:01:00.0 Off |                  N/A |
|  0%   32C    P8              4W /  180W |   14665MiB /  16311MiB |      0%      Default |
|                                         |                        |                  N/A |
+-----------------------------------------+------------------------+----------------------+

+-----------------------------------------------------------------------------------------+
| Processes:                                                                              |
|  GPU   GI   CI              PID   Type   Process name                        GPU Memory |
|        ID   ID                                                               Usage      |
|=========================================================================================|
|    0   N/A  N/A            1287      G   Hyprland                                206MiB |
|    0   N/A  N/A            1347      G   quickshell                              279MiB |
|    0   N/A  N/A            1374      G   Xwayland                                  2MiB |
|    0   N/A  N/A            2226    C+G   ...rack-uuid=3190708988185955192         13MiB |
|    0   N/A  N/A            3150    C+G   ...rack-uuid=3190708988185955192        189MiB |
|    0   N/A  N/A          362956      G   kitty                                    21MiB |
|    0   N/A  N/A          405792      G   kitty                                    19MiB |
|    0   N/A  N/A          406752      G   kitty                                    35MiB |
|    0   N/A  N/A          423941      C   llama-server                          13526MiB |
|    0   N/A  N/A          424886      G   kitty                                    41MiB |
+-----------------------------------------------------------------------------------------+
---
Mon Sep 14 05:05:32 PM UTC 2026
14723 MiB, 16311 MiB
Mon Sep 14 14:05:32 2026       
+-----------------------------------------------------------------------------------------+
| NVIDIA-SMI 610.57.04              KMD Version: 610.57.04     CUDA UMD Version: 13.3     |
+-----------------------------------------+------------------------+----------------------+
| GPU  Name                 Persistence-M | Bus-Id          Disp.A | Volatile Uncorr. ECC |
| Fan  Temp   Perf          Pwr:Usage/Cap |           Memory-Usage | GPU-Util  Compute M. |
|                                         |                        |               MIG M. |
|=========================================+========================+======================|
|   0  NVIDIA GeForce RTX 5060 Ti     Off |   00000000:01:00.0 Off |                  N/A |
|  0%   32C    P8              4W /  180W |   14723MiB /  16311MiB |      0%      Default |
|                                         |                        |                  N/A |
+-----------------------------------------+------------------------+----------------------+

+-----------------------------------------------------------------------------------------+
| Processes:                                                                              |
|  GPU   GI   CI              PID   Type   Process name                        GPU Memory |
|        ID   ID                                                               Usage      |
|=========================================================================================|
|    0   N/A  N/A            1287      G   Hyprland                                294MiB |
|    0   N/A  N/A            1347      G   quickshell                              248MiB |
|    0   N/A  N/A            1374      G   Xwayland                                  2MiB |
|    0   N/A  N/A            2226    C+G   ...rack-uuid=3190708988185955192         13MiB |
|    0   N/A  N/A            3150    C+G   ...rack-uuid=3190708988185955192        190MiB |
|    0   N/A  N/A          362956      G   kitty                                    21MiB |
|    0   N/A  N/A          405792      G   kitty                                    19MiB |
|    0   N/A  N/A          406752      G   kitty                                    35MiB |
|    0   N/A  N/A          423941      C   llama-server                          13526MiB |
|    0   N/A  N/A          424886      G   kitty                                    41MiB |
+-----------------------------------------------------------------------------------------+
---
